Date,SL,Barcode,PCR cycles,GTC ID,BioA (nM),Exp,Exp_type,Spike,3prime,Lane,miRNA,S100,Pool,Sample type,Rep,Batch,Cell Line,SRR number,Path,,,,
,5,ACAGTG,,L1_1932,3.2651,140603_WIGTC-HISEQA_C4W8TACXX,AGO_purity,,,8,miR-1,6,NA,S1006_P,,,,SRR10432899,miR-1/smallRNA_seq/reads/AGO2_pur.txt,,,,
,6,GCCAAT,,L1_1933,1.5239,140603_WIGTC-HISEQA_C4W8TACXX,AGO_purity,,,8,miR-155,6,NA,S1006_P,,,,SRR10432900,miR-155/smallRNA_seq/reads/AGO2_pur.txt,,,,
15.01.10,10,ATCACG,,L1_2406,2.4173,150120_WIGTC-HISEQ2A_C67BAANXX,equil_pilot,s124_8mer,TCG,6,"miR-1,miR-155",NA,3,I,,,,SRR10533738,miR-1/agorbns/reads/pur1_input.txt,,,,
,12,TTAGGC,,L1_2408,15.8586,150120_WIGTC-HISEQ2A_C67BAANXX,equil_pilot,s124_8mer,TCG,6,miR-1,,3,L100A10,,,,SRR10533739,miR-1/agorbns/reads/pur1_10%.txt,,,,
15.06.23,17,ATCACG,,L1_2572,24.6,150714_WIGTC-HISEQB_C7EWJACXX,equilibrium,"s124_8mer,s155_8mer",TCG,2,miR-1,,4,I,,,,SRR10533740,miR-1/agorbns/reads/pur2_input.txt,,,,
,18,CGATGT,,L1_2573,25.6,150714_WIGTC-HISEQB_C7EWJACXX,equilibrium,"s124_8mer,s155_8mer",TCG,2,miR-1,,4,40,,,,SRR10533741,miR-1/agorbns/reads/pur2_40%.txt,,,,
,19,TTAGGC,,L1_2574,19.8,150714_WIGTC-HISEQB_C7EWJACXX,equilibrium,"s124_8mer,s155_8mer",TCG,2,miR-1,,4,12.6,,,,SRR10533742,miR-1/agorbns/reads/pur2_12.65%.txt,,,,
,20,TGACCA,,L1_2575,15,150714_WIGTC-HISEQB_C7EWJACXX,equilibrium,"s124_8mer,s155_8mer",TCG,2,miR-1,,4,4,,,,SRR10533743,miR-1/agorbns/reads/pur2_4%.txt,,,,
,21,ACAGTG,,L1_2576,13.8,150714_WIGTC-HISEQB_C7EWJACXX,equilibrium,"s124_8mer,s155_8mer",TCG,2,miR-1,,4,1.26,,,,SRR10533744,miR-1/agorbns/reads/pur2_1.265%.txt,,,,
,22,GCCAAT,,L1_2577,19.8,150714_WIGTC-HISEQB_C7EWJACXX,equilibrium,"s124_8mer,s155_8mer",TCG,2,miR-1,,4,0.4,,,,SRR10533745,miR-1/agorbns/reads/pur2_0.4%.txt,,,,
,23,CAGATC,,L1_2578,16.2,150714_WIGTC-HISEQB_C7EWJACXX,equilibrium,"s124_8mer,s155_8mer",TCG,2,miR-1,,4,0,,,,SRR10533746,miR-1/agorbns/reads/pur2_0%.txt,,,,
15.08.12,36,ATCACG,6,L1_2647,4.6763,150820_WIGTC-HISEQ2A_C7EUUACXX,equilibrium,"s430a_8mer,s427_8mer,s14_8mer",TGT,3,"let-7a,miR-155",,7,I,,,,SRR10533754,"let-7a,miR-155/agorbns/reads/pur1_input.txt",,,,
,37,CGATGT,14,L1_2648,13.1485,150820_WIGTC-HISEQ2A_C7EUUACXX,equilibrium,"s430a_8mer,s427_8mer,s14_8mer",TGT,3,let-7a,,7,40,,,,SRR10533755,let-7a/agorbns/reads/pur1_40%.txt,,,,
,38,TTAGGC,18,L1_2649,32.4334,150820_WIGTC-HISEQ2A_C7EUUACXX,equilibrium,"s430a_8mer,s427_8mer,s14_8mer",TGT,3,let-7a,,7,12.6,,,,SRR10533756,let-7a/agorbns/reads/pur1_12.65%.txt,,,,
,39,TGACCA,18,L1_2650,24.3261,150820_WIGTC-HISEQ2A_C7EUUACXX,equilibrium,"s430a_8mer,s427_8mer,s14_8mer",TGT,3,let-7a,,7,4,,,,SRR10533757,let-7a/agorbns/reads/pur1_4%.txt,,,,
,40,ACAGTG,18,L1_2651,11.644,150820_WIGTC-HISEQ2A_C7EUUACXX,equilibrium,"s430a_8mer,s427_8mer,s14_8mer",TGT,3,let-7a,,7,1.26,,,,SRR10533758,let-7a/agorbns/reads/pur1_1.265%.txt,,,,
,41,GCCAAT,18,L1_2652,10.12,150820_WIGTC-HISEQ2A_C7EUUACXX,equilibrium,"s430a_8mer,s427_8mer,s14_8mer",TGT,3,let-7a,,7,0.4,,,,SRR10533759,let-7a/agorbns/reads/pur1_0.4%.txt,,,,
,42,CAGATC,18,L1_2653,8.115,150820_WIGTC-HISEQ2A_C7EUUACXX,equilibrium,"s430a_8mer,s427_8mer,s14_8mer",TGT,3,let-7a,,7,0,,,,SRR10533760,let-7a/agorbns/reads/pur1_0%.txt,,,,
,43,ACTTGA,14,L1_2654,5.364,150820_WIGTC-HISEQ2A_C7EUUACXX,equilibrium,"s430a_8mer,s427_8mer,s14_8mer",TGT,3,miR-155,,7,40,,,,SRR10533761,miR-155/agorbns/reads/pur1_40%.txt,,,,
,44,GATCAG,14,L1_2655,2.479,150820_WIGTC-HISEQ2A_C7EUUACXX,equilibrium,"s430a_8mer,s427_8mer,s14_8mer",TGT,3,miR-155,,7,12.6,,,,SRR10533762,miR-155/agorbns/reads/pur1_12.65%.txt,,,,
,45,TAGCTT,18,L1_2656,16.722,150820_WIGTC-HISEQ2A_C7EUUACXX,equilibrium,"s430a_8mer,s427_8mer,s14_8mer",TGT,3,miR-155,,7,4,,,,SRR10533763,miR-155/agorbns/reads/pur1_4%.txt,,,,
,46,GGCTAC,18,L1_2657,13.439,150820_WIGTC-HISEQ2A_C7EUUACXX,equilibrium,"s430a_8mer,s427_8mer,s14_8mer",TGT,3,miR-155,,7,1.26,,,,SRR10533764,miR-155/agorbns/reads/pur1_1.265%.txt,,,,
,47,CTTGTA,18,L1_2658,14.071,150820_WIGTC-HISEQ2A_C7EUUACXX,equilibrium,"s430a_8mer,s427_8mer,s14_8mer",TGT,3,miR-155,,7,0.4,,,,SRR10533765,miR-155/agorbns/reads/pur1_0.4%.txt,,,,
,48,AGTCAA,18,L1_2659,7.906,150820_WIGTC-HISEQ2A_C7EUUACXX,equilibrium,"s430a_8mer,s427_8mer,s14_8mer",TGT,3,miR-155,,7,0,,,,SRR10533766,miR-155/agorbns/reads/pur1_0%.txt,,,,
15.08.16,49,ATCACG,6,L1_2677,7.769,150820_WIGTC-HISEQ2A_C7EUUACXX,kin_pilot,"s430a_8mer,s427_8mer,s14_8mer","TGT,ACA",4,miR-1,,7,I_TGT,,,,SRR10533793,"let-7a,miR-155,miR-124,lsy-6/agorbns/reads/pur1_input_reseq.txt",,,,
15.08.21,62,ATCACG,6,L1_2690,4.7296,150918_WIGTC-HISEQ2A_C7Y6DACXX,equilibrium,"s430a_8mer,s427_8mer,s14_8mer",TGT,8,"miR-124,lsy-6",,7,I,,,,SRR10533767,"miR-124,lsy-6/agorbns/reads/pur1_input.txt",,,,
,63,CGATGT,14,L1_2691,3.1926,150918_WIGTC-HISEQ2A_C7Y6DACXX,equilibrium,"s430a_8mer,s427_8mer,s14_8mer",TGT,8,miR-124,,7,40,,,,SRR10533768,miR-124/agorbns/reads/pur1_40%.txt,,,,
,64,TTAGGC,18,L1_2692,13.4985,150918_WIGTC-HISEQ2A_C7Y6DACXX,equilibrium,"s430a_8mer,s427_8mer,s14_8mer",TGT,8,miR-124,,7,12.6,,,,SRR10533769,miR-124/agorbns/reads/pur1_12.65%.txt,,,,
,65,TGACCA,14,L1_2693,5.8145,150918_WIGTC-HISEQ2A_C7Y6DACXX,equilibrium,"s430a_8mer,s427_8mer,s14_8mer",TGT,8,miR-124,,7,4,,,,SRR10533770,miR-124/agorbns/reads/pur1_4%.txt,,,,
,66,ACAGTG,14,L1_2694,3.9496,150918_WIGTC-HISEQ2A_C7Y6DACXX,equilibrium,"s430a_8mer,s427_8mer,s14_8mer",TGT,8,miR-124,,7,1.26,,,,SRR10533771,miR-124/agorbns/reads/pur1_1.265%.txt,,,,
,67,GCCAAT,14,L1_2695,2.4586,150918_WIGTC-HISEQ2A_C7Y6DACXX,equilibrium,"s430a_8mer,s427_8mer,s14_8mer",TGT,8,miR-124,,7,0.4,,,,SRR10533772,miR-124/agorbns/reads/pur1_0.4%.txt,,,,
,68,CAGATC,14,L1_2696,1.4325,150918_WIGTC-HISEQ2A_C7Y6DACXX,equilibrium,"s430a_8mer,s427_8mer,s14_8mer",TGT,8,lsy-6,,7,40,,,,SRR10533788,lsy-6/agorbns/reads/pur1_40%.txt,,,,
,69,ACTTGA,14,L1_2697,7.5203,150918_WIGTC-HISEQ2A_C7Y6DACXX,equilibrium,"s430a_8mer,s427_8mer,s14_8mer",TGT,8,lsy-6,,7,12.6,,,,SRR10533789,lsy-6/agorbns/reads/pur1_12.65%.txt,,,,
,70,GATCAG,14,L1_2698,5.1879,150918_WIGTC-HISEQ2A_C7Y6DACXX,equilibrium,"s430a_8mer,s427_8mer,s14_8mer",TGT,8,lsy-6,,7,4,,,,SRR10533790,lsy-6/agorbns/reads/pur1_4%.txt,,,,
,71,TAGCTT,14,L1_2699,1.4674,150918_WIGTC-HISEQ2A_C7Y6DACXX,equilibrium,"s430a_8mer,s427_8mer,s14_8mer",TGT,8,lsy-6,,7,1.26,,,,SRR10533791,lsy-6/agorbns/reads/pur1_1.265%.txt,,,,
,72,GGCTAC,14,L1_2700,2.4403,150918_WIGTC-HISEQ2A_C7Y6DACXX,equilibrium,"s430a_8mer,s427_8mer,s14_8mer",TGT,8,lsy-6,,7,0.4,,,,SRR10533792,lsy-6/agorbns/reads/pur1_0.4%.txt,,,,
,73,CTTGTA,14,L1_2701,5.1127,150918_WIGTC-HISEQ2A_C7Y6DACXX,equilibrium,"s430a_8mer,s427_8mer,s14_8mer",TGT,8,"lsy-6,miR-124",,7,0,,,,SRR10533773,"miR-124,lsy-6/agorbns/reads/pur1_0%.txt",,,,
,206,ATCACG,10,L1_5059,,190621_WIGTC-HISEQ2A_HYMTFBCX2,twist_reporter_assay_v2,NA,NA,1,miR-1,NA,TRL,duplex,1,,,SRR10432901,miR-1/mpra/reads/rep1.txt,,,,
,207,CGATGT,10,L1_5060,,190621_WIGTC-HISEQ2A_HYMTFBCX2,twist_reporter_assay_v2,NA,NA,1,let-7a,NA,TRL,duplex,1,,,SRR10432903,let-7a/mpra/reads/rep1.txt,,,,
,208,TTAGGC,10,L1_5061,,190621_WIGTC-HISEQ2A_HYMTFBCX2,twist_reporter_assay_v2,NA,NA,1,miR-155,NA,TRL,duplex,1,,,SRR10432905,miR-155/mpra/reads/rep1.txt,,,,
,209,TGACCA,14,L1_5062,,190621_WIGTC-HISEQ2A_HYMTFBCX2,twist_reporter_assay_v2,NA,NA,1,miR-124,NA,TRL,duplex,1,,,SRR10432907,miR-124/mpra/reads/rep1.txt,,,,
,210,ACAGTG,10,L1_5063,,190621_WIGTC-HISEQ2A_HYMTFBCX2,twist_reporter_assay_v2,NA,NA,1,lsy-6,NA,TRL,duplex,1,,,SRR10432909,lsy-6/mpra/reads/rep1.txt,,,,
,211,GCCAAT,10,L1_5064,,190621_WIGTC-HISEQ2A_HYMTFBCX2,twist_reporter_assay_v2,NA,NA,1,miR-7,NA,TRL,duplex,1,,,SRR10432911,miR-7/mpra/reads/rep1.txt,,,,
,213,ACTTGA,10,L1_5066,,190621_WIGTC-HISEQ2A_HYMTFBCX2,twist_reporter_assay_v2,NA,NA,2,miR-1,NA,TRL,duplex,2,,,SRR10432902,miR-1/mpra/reads/rep2.txt,,,,
,214,GATCAG,10,L1_5067,,190621_WIGTC-HISEQ2A_HYMTFBCX2,twist_reporter_assay_v2,NA,NA,2,let-7a,NA,TRL,duplex,2,,,SRR10432904,let-7a/mpra/reads/rep2.txt,,,,
,215,TAGCTT,10,L1_5068,,190621_WIGTC-HISEQ2A_HYMTFBCX2,twist_reporter_assay_v2,NA,NA,2,miR-155,NA,TRL,duplex,2,,,SRR10432906,miR-155/mpra/reads/rep2.txt,,,,
,216,GGCTAC,14,L1_5069,,190621_WIGTC-HISEQ2A_HYMTFBCX2,twist_reporter_assay_v2,NA,NA,2,miR-124,NA,TRL,duplex,2,,,SRR10432908,miR-124/mpra/reads/rep2.txt,,,,
,217,CTTGTA,10,L1_5070,,190621_WIGTC-HISEQ2A_HYMTFBCX2,twist_reporter_assay_v2,NA,NA,2,lsy-6,NA,TRL,duplex,2,,,SRR10432910,lsy-6/mpra/reads/rep2.txt,,,,
,218,AGTCAA,10,L1_5071,,190621_WIGTC-HISEQ2A_HYMTFBCX2,twist_reporter_assay_v2,NA,NA,2,miR-7,NA,TRL,duplex,2,,,SRR10432912,miR-7/mpra/reads/rep2.txt,,,,
18.11.30,1,TAGCTT,,,,181130_WIGTC-HISEQ2A_CCT7PANXX,equilibrium_tp,NA,TGT,3,miR-1,1,7,40,,,,SRR10533748,miR-1/agorbns/reads/pur3_40%.txt,,,,
,2,GGCTAC,,,,181130_WIGTC-HISEQ2A_CCT7PANXX,equilibrium_tp,NA,TGT,3,miR-1,1,7,12.6,,,,SRR10533749,miR-1/agorbns/reads/pur3_12.65%.txt,,,,
,3,CTTGTA,,,,181130_WIGTC-HISEQ2A_CCT7PANXX,equilibrium_tp,NA,TGT,3,miR-1,1,7,4,,,,SRR10533750,miR-1/agorbns/reads/pur3_4%.txt,,,,
,4,AGTCAA,,,,181130_WIGTC-HISEQ2A_CCT7PANXX,equilibrium_tp,NA,TGT,3,miR-1,1,7,1.26,,,,SRR10533751,miR-1/agorbns/reads/pur3_1.265%.txt,,,,
,5,AGCGCT,,,,181130_WIGTC-HISEQ2A_CCT7PANXX,equilibrium_tp,NA,TGT,3,miR-1,1,7,0.4,,,,SRR10533752,miR-1/agorbns/reads/pur3_0.4%.txt,,,,
,7,CACGGT,,,,181130_WIGTC-HISEQ2A_CCT7PANXX,equilibrium_tp,NA,TGT,3,miR-1,1,7,0,,,,SRR10533753,miR-1/agorbns/reads/pur3_0%.txt,,,,
,8,ATTAGC,,,,181130_WIGTC-HISEQ2A_CCT7PANXX,equilibrium_tp,NA,TGT,3,miR-1,1,7,I,,,,SRR10533747,miR-1/agorbns/reads/pur3_input.txt,,,,
19.06.14,34,ATCACG,12,L1_5029,6.98,190614_WIGTC-HISEQ3A_CDPY1ANXX,equilibrium_2_tp,NA,TGT,8,miR-124,1,7,40,1,,,SRR10533776,miR-124/agorbns/reads/pur2_40%_rep1.txt,,,,
,35,CGATGT,12,L1_5030,2.54,190614_WIGTC-HISEQ3A_CDPY1ANXX,equilibrium_2_tp,NA,TGT,8,miR-124,1,7,40,2,,,SRR10533777,miR-124/agorbns/reads/pur2_40%_rep2.txt,,,,
,36,TTAGGC,14,L1_5031,2.65,190614_WIGTC-HISEQ3A_CDPY1ANXX,equilibrium_2_tp,NA,TGT,8,miR-124,1,7,12.6,1,,,SRR10533778,miR-124/agorbns/reads/pur2_12.65%_rep1.txt,,,,
,37,TGACCA,14,L1_5032,6.72,190614_WIGTC-HISEQ3A_CDPY1ANXX,equilibrium_2_tp,NA,TGT,8,miR-124,1,7,12.6,2,,,SRR10533779,miR-124/agorbns/reads/pur2_12.65%_rep2.txt,,,,
,38,ACAGTG,14,L1_5033,6.68,190614_WIGTC-HISEQ3A_CDPY1ANXX,equilibrium_2_tp,NA,TGT,8,miR-124,1,7,4,1,,,SRR10533780,miR-124/agorbns/reads/pur2_4%_rep1.txt,,,,
,39,GCCAAT,14,L1_5034,6.18,190614_WIGTC-HISEQ3A_CDPY1ANXX,equilibrium_2_tp,NA,TGT,8,miR-124,1,7,4,2,,,SRR10533781,miR-124/agorbns/reads/pur2_4%_rep2.txt,,,,
,40,CAGATC,14,L1_5035,6.45,190614_WIGTC-HISEQ3A_CDPY1ANXX,equilibrium_2_tp,NA,TGT,8,miR-124,1,7,1.26,1,,,SRR10533782,miR-124/agorbns/reads/pur2_1.265%_rep1.txt,,,,
,41,ACTTGA,14,L1_5036,5.29,190614_WIGTC-HISEQ3A_CDPY1ANXX,equilibrium_2_tp,NA,TGT,8,miR-124,1,7,1.26,2,,,SRR10533783,miR-124/agorbns/reads/pur2_1.265%_rep2.txt,,,,
,42,GATCAG,14,L1_5037,4.37,190614_WIGTC-HISEQ3A_CDPY1ANXX,equilibrium_2_tp,NA,TGT,8,miR-124,1,7,0.4,1,,,SRR10533784,miR-124/agorbns/reads/pur2_0.4%_rep1.txt,,,,
,43,TAGCTT,14,L1_5038,6.12,190614_WIGTC-HISEQ3A_CDPY1ANXX,equilibrium_2_tp,NA,TGT,8,miR-124,1,7,0.4,2,,,SRR10533785,miR-124/agorbns/reads/pur2_0.4%_rep2.txt,,,,
,46,AGTCAA,16,L1_5041,7.74,190614_WIGTC-HISEQ3A_CDPY1ANXX,equilibrium_2_tp,NA,TGT,8,miR-124,1,7,0,1,,,SRR10533786,miR-124/agorbns/reads/pur2_0%_rep1.txt,,,,
,47,AGCGCT,16,L1_5042,3.93,190614_WIGTC-HISEQ3A_CDPY1ANXX,equilibrium_2_tp,NA,TGT,8,miR-124,1,7,0,2,,,SRR10533787,miR-124/agorbns/reads/pur2_0%_rep2.txt,,,,
,48,GCGTCA,6,L1_5043,7.65,190614_WIGTC-HISEQ3A_CDPY1ANXX,equilibrium_2_tp,NA,TGT,8,miR-124,1,7,I,1,,,SRR10533774,miR-124/agorbns/reads/pur2_input_rep1.txt,,,,
,49,CACGGT,6,L1_5044,9.43,190614_WIGTC-HISEQ3A_CDPY1ANXX,equilibrium_2_tp,NA,TGT,8,miR-124,1,7,I,2,,,SRR10533775,miR-124/agorbns/reads/pur2_input_rep2.txt,,,,
19.07.03,52,ATCACG,12,L1_5085,1.02,190703_WIGTC-HISEQA_H2LKKBCX3,equilibrium_tp,NA,TGT,1,miR-7-24nt,1,9,40,1,,,SRR10533803,miR-7/agorbns/reads/pur2_40%_rep1.txt,,,,
,53,CGATGT,14,L1_5086,3.97,190703_WIGTC-HISEQA_H2LKKBCX3,equilibrium_tp,NA,TGT,1,miR-7-24nt,1,9,12.6,1,,,SRR10533807,miR-7/agorbns/reads/pur2_12.65%_rep1.txt,,,,
,54,TTAGGC,16,L1_5087,7.22,190703_WIGTC-HISEQA_H2LKKBCX3,equilibrium_tp,NA,TGT,1,miR-7-24nt,1,9,4,1,,,SRR10533809,miR-7/agorbns/reads/pur2_4%_rep1.txt,,,,
,55,TGACCA,16,L1_5088,6.91,190703_WIGTC-HISEQA_H2LKKBCX3,equilibrium_tp,NA,TGT,1,miR-7-24nt,1,9,0.4,1,,,SRR10533815,miR-7/agorbns/reads/pur2_0.4%_rep1.txt,,,,
,56,ACAGTG,12,L1_5089,1.37,190703_WIGTC-HISEQA_H2LKKBCX3,equilibrium_tp,NA,TGT,1,miR-7-24nt,1,9,40,3,,,SRR10533805,miR-7/agorbns/reads/pur2_40%_rep3.txt,,,,
,57,GCCAAT,16,L1_5090,6.59,190703_WIGTC-HISEQA_H2LKKBCX3,equilibrium_tp,NA,TGT,1,miR-7-24nt,1,9,4,3,,,SRR10533811,miR-7/agorbns/reads/pur2_4%_rep3.txt,,,,
,58,CAGATC,16,L1_5091,7.61,190703_WIGTC-HISEQA_H2LKKBCX3,equilibrium_tp,NA,TGT,1,miR-7-24nt,1,9,1.26,1,,,SRR10533813,miR-7/agorbns/reads/pur2_1.265%_rep1.txt,,,,
,59,ACTTGA,16,L1_5092,8.34,190703_WIGTC-HISEQA_H2LKKBCX3,equilibrium_tp,NA,TGT,1,miR-7-24nt,1,9,0,1,,,SRR10533817,miR-7/agorbns/reads/pur2_0%_rep1.txt,,,,
,60,GATCAG,6,L1_5093,7.47,190703_WIGTC-HISEQA_H2LKKBCX3,equilibrium_tp,NA,TGT,1,miR-7-24nt,1,9,I,1,,,SRR10533801,miR-7/agorbns/reads/pur2_input_rep1.txt,,,,
,61,ATCACG,12,L1_5085,1.02,190703_WIGTC-HISEQA_H2LKKBCX3,equilibrium_tp,NA,TGT,2,miR-7-24nt,2,9,40,2,,,SRR10533804,miR-7/agorbns/reads/pur2_40%_rep2.txt,,,,
,62,CGATGT,14,L1_5086,3.97,190703_WIGTC-HISEQA_H2LKKBCX3,equilibrium_tp,NA,TGT,2,miR-7-24nt,2,9,12.6,2,,,SRR10533808,miR-7/agorbns/reads/pur2_12.65%_rep2.txt,,,,
,63,TTAGGC,16,L1_5087,7.22,190703_WIGTC-HISEQA_H2LKKBCX3,equilibrium_tp,NA,TGT,2,miR-7-24nt,2,9,4,2,,,SRR10533810,miR-7/agorbns/reads/pur2_4%_rep2.txt,,,,
,64,TGACCA,16,L1_5088,6.91,190703_WIGTC-HISEQA_H2LKKBCX3,equilibrium_tp,NA,TGT,2,miR-7-24nt,2,9,0.4,2,,,SRR10533816,miR-7/agorbns/reads/pur2_0.4%_rep2.txt,,,,
,65,ACAGTG,12,L1_5089,1.37,190703_WIGTC-HISEQA_H2LKKBCX3,equilibrium_tp,NA,TGT,2,miR-7-24nt,2,9,40,4,,,SRR10533806,miR-7/agorbns/reads/pur2_40%_rep4.txt,,,,
,66,GCCAAT,16,L1_5090,6.59,190703_WIGTC-HISEQA_H2LKKBCX3,equilibrium_tp,NA,TGT,2,miR-7-24nt,2,9,4,4,,,SRR10533812,miR-7/agorbns/reads/pur2_4%_rep4.txt,,,,
,67,CAGATC,16,L1_5091,7.61,190703_WIGTC-HISEQA_H2LKKBCX3,equilibrium_tp,NA,TGT,2,miR-7-24nt,2,9,1.26,2,,,SRR10533814,miR-7/agorbns/reads/pur2_1.265%_rep2.txt,,,,
,68,ACTTGA,16,L1_5092,8.34,190703_WIGTC-HISEQA_H2LKKBCX3,equilibrium_tp,NA,TGT,2,miR-7-24nt,2,9,0,2,,,SRR10533818,miR-7/agorbns/reads/pur2_0%_rep2.txt,,,,
,69,GATCAG,6,L1_5093,7.47,190703_WIGTC-HISEQA_H2LKKBCX3,equilibrium_tp,NA,TGT,2,miR-7-24nt,2,9,I,2,,,SRR10533802,miR-7/agorbns/reads/pur2_input_rep2.txt,,,,
,74,GATCAG,,L1_7672,,211217_WIGTC-HISEQ3A_HNKCJBCX3,twist_reporter_assay_3p_2_tp,NA,NA,1,"miR-1,let-7a,let-7a-21nt",NA,T3PRL,no_duplex_parallel,1,,,SRR17965723,mock/mpra_let73p/reads/rep1.txt,,,,
,75,TAGCTT,,L1_7673,,211217_WIGTC-HISEQ3A_HNKCJBCX3,twist_reporter_assay_3p_2_tp,NA,NA,1,miR-1,NA,T3PRL,duplex_parallel,1,,,SRR17965724,miR-1/mpra_let73p/reads/rep1.txt,,,,
,76,GGCTAC,,L1_7674,,211217_WIGTC-HISEQ3A_HNKCJBCX3,twist_reporter_assay_3p_2_tp,NA,NA,1,let-7a,NA,T3PRL,duplex_parallel,1,,,SRR17965725,let-7a/mpra_let73p/reads/rep1.txt,,,,
,77,CTTGTA,,L1_7675,,211217_WIGTC-HISEQ3A_HNKCJBCX3,twist_reporter_assay_3p_2_tp,NA,NA,1,let-7a-21nt,NA,T3PRL,duplex_parallel,1,,,SRR17965726,let-7a-21nt/mpra_let73p/reads/rep1.txt,,,,
,82,GATCAG,,L1_7680,,211217_WIGTC-HISEQ3A_HNKCJBCX3,twist_reporter_assay_3p_2_tp,NA,NA,2,"miR-1,let-7a,let-7a-21nt",NA,T3PRL,no_duplex_parallel,2,,,SRR17965727,mock/mpra_let73p/reads/rep2.txt,,,,
,83,TAGCTT,,L1_7681,,211217_WIGTC-HISEQ3A_HNKCJBCX3,twist_reporter_assay_3p_2_tp,NA,NA,2,miR-1,NA,T3PRL,duplex_parallel,2,,,SRR17965728,miR-1/mpra_let73p/reads/rep2.txt,,,,
,84,GGCTAC,,L1_7682,,211217_WIGTC-HISEQ3A_HNKCJBCX3,twist_reporter_assay_3p_2_tp,NA,NA,2,let-7a,NA,T3PRL,duplex_parallel,2,,,SRR17965729,let-7a/mpra_let73p/reads/rep2.txt,,,,
,85,CTTGTA,,L1_7683,,211217_WIGTC-HISEQ3A_HNKCJBCX3,twist_reporter_assay_3p_2_tp,NA,NA,2,let-7a-21nt,NA,T3PRL,duplex_parallel,2,,,SRR17965730,let-7a-21nt/mpra_let73p/reads/rep2.txt,,,,
,8,ACTTGA,6,L1_3354,7.54,161215_WIGTC-HISEQA_CA4V2ACXX,equil_c_nb,"mir1_libconstruct1,mir1_libconstruct2",TG,5,let-7a-21nt,NA,2,I,,,,SRR14594920,let-7a-21nt/agorbns/reads/pur2_input.txt,,,,#REF!
,9,GATCAG,14,L1_3355,9.24,161215_WIGTC-HISEQA_CA4V2ACXX,equil_c_nb,"mir1_libconstruct1,mir1_libconstruct2",TG,5,let-7a-21nt,NA,2,40,,,,SRR14594921,let-7a-21nt/agorbns/reads/pur2_40%.txt,,,,#REF!
,10,TAGCTT,14,L1_3356,6.19,161215_WIGTC-HISEQA_CA4V2ACXX,equil_c_nb,"mir1_libconstruct1,mir1_libconstruct2",TG,5,let-7a-21nt,NA,2,12.6,,,,SRR14594922,let-7a-21nt/agorbns/reads/pur2_12.65%.txt,,,,#REF!
,11,GGCTAC,14,L1_3357,1.93,161215_WIGTC-HISEQA_CA4V2ACXX,equil_c_nb,"mir1_libconstruct1,mir1_libconstruct2",TG,5,let-7a-21nt,NA,2,4,,,,SRR14594923,let-7a-21nt/agorbns/reads/pur2_4%.txt,,,,#REF!
,12,ATCACG,18,L1_3358,16.02,161215_WIGTC-HISEQA_CA4V2ACXX,equil_c_nb,"mir1_libconstruct1,mir1_libconstruct2",TG,6,let-7a-21nt,NA,2,1.26,,,,SRR14594924,let-7a-21nt/agorbns/reads/pur2_1.265%.txt,,,,#REF!
,13,CGATGT,18,L1_3359,12.92,161215_WIGTC-HISEQA_CA4V2ACXX,equil_c_nb,"mir1_libconstruct1,mir1_libconstruct2",TG,6,let-7a-21nt,NA,2,0.4,,,,SRR14594925,let-7a-21nt/agorbns/reads/pur2_0.4%.txt,,,,#REF!
,14,TTAGGC,18,L1_3360,9.57,161215_WIGTC-HISEQA_CA4V2ACXX,equil_c_nb,"mir1_libconstruct1,mir1_libconstruct2",TG,6,let-7a-21nt,NA,2,0,,,,SRR14594926,let-7a-21nt/agorbns/reads/pur2_0%.txt,,,,#REF!
17.07.13,23,ATCACG,15,L1_3847,7.31,170713_WIGTC-HISEQ2B_CB5HKANXX,equil_c2_nb,"mir1_libconstruct1,mir1_libconstruct2",TG,3,let-7a-21nt,NA,4,I,,,,SRR14594912,let-7a-21nt/agorbns/reads/pur1_input.txt,,,,#REF!
,24,CGATGT,15,L1_3848,1.46,170713_WIGTC-HISEQ2B_CB5HKANXX,equil_c2_nb,"mir1_libconstruct1,mir1_libconstruct2",TG,3,let-7a-21nt,NA,4,40,,,,SRR14594913,let-7a-21nt/agorbns/reads/pur1_40%.txt,,,,#REF!
,25,TTAGGC,16,L1_3849,7.33,170713_WIGTC-HISEQ2B_CB5HKANXX,equil_c2_nb,"mir1_libconstruct1,mir1_libconstruct2",TG,3,let-7a-21nt,NA,4,12.6,1,,,SRR14594914,let-7a-21nt/agorbns/reads/pur1_12.65%_rep1.txt,,,,#REF!
,26,TGACCA,16,L1_3850,7.48,170713_WIGTC-HISEQ2B_CB5HKANXX,equil_c2_nb,"mir1_libconstruct1,mir1_libconstruct2",TG,3,let-7a-21nt,NA,4,4,,,,SRR14594916,let-7a-21nt/agorbns/reads/pur1_4%.txt,,,,#REF!
,27,ACAGTG,18,L1_3851,7.06,170713_WIGTC-HISEQ2B_CB5HKANXX,equil_c2_nb,"mir1_libconstruct1,mir1_libconstruct2",TG,3,let-7a-21nt,NA,4,1.26,,,,SRR14594917,let-7a-21nt/agorbns/reads/pur1_1.265%.txt,,,,#REF!
,28,GCCAAT,20,L1_3852,7.31,170713_WIGTC-HISEQ2B_CB5HKANXX,equil_c2_nb,"mir1_libconstruct1,mir1_libconstruct2",TG,3,let-7a-21nt,NA,4,0.4,,,,SRR14594918,let-7a-21nt/agorbns/reads/pur1_0.4%.txt,,,,#REF!
,29,CAGATC,18,L1_3853,7.7,170713_WIGTC-HISEQ2B_CB5HKANXX,equil_c2_nb,"mir1_libconstruct1,mir1_libconstruct2",TG,3,let-7a-21nt,NA,4,0,,,,SRR14594919,let-7a-21nt/agorbns/reads/pur1_0%.txt,,,,#REF!
,30,ACTTGA,8,L1_3854,4.61,170713_WIGTC-HISEQ2B_CB5HKANXX,equil_c_nb,"mir1_libconstruct1,mir1_libconstruct2",TG,3,miR-1,NA,5,I,,,,SRR14594927,miR-1/agorbns/reads/pur_1_inputlibrary.txt,,,,#REF!
,31,GATCAG,15,L1_3855,4.92,170713_WIGTC-HISEQ2B_CB5HKANXX,equil_c_nb,"mir1_libconstruct1,mir1_libconstruct2",TG,3,miR-1,NA,5,40,,,,SRR14594928,miR-1/agorbns/reads/pur_1_40percent.txt,,,,#REF!
,32,TAGCTT,16,L1_3856,6.11,170713_WIGTC-HISEQ2B_CB5HKANXX,equil_c_nb,"mir1_libconstruct1,mir1_libconstruct2",TG,3,miR-1,NA,5,12.6,,,,SRR14594929,miR-1/agorbns/reads/pur_1_12.65percent.txt,,,,#REF!
,33,GGCTAC,20,L1_3857,8.45,170713_WIGTC-HISEQ2B_CB5HKANXX,equil_c_nb,"mir1_libconstruct1,mir1_libconstruct2",TG,3,miR-1,NA,5,4,,,,SRR14594930,miR-1/agorbns/reads/pur_1_4percent.txt,,,,#REF!
17.07.21,34,ATCACG,20,L1_3858,7.74,170721_WIGTC-HISEQ2A_CB2DFANXX,equil_c_nb,"mir1_libconstruct1,mir1_libconstruct2",TG,6,miR-1,NA,5,1.26,,,,SRR14594931,miR-1/agorbns/reads/pur_1_1.265percent.txt,,,,#REF!
,35,CGATGT,20,L1_3859,8.27,170721_WIGTC-HISEQ2A_CB2DFANXX,equil_c_nb,"mir1_libconstruct1,mir1_libconstruct2",TG,6,miR-1,NA,5,0.4,,,,SRR14594932,miR-1/agorbns/reads/pur_1_0.4percent.txt,,,,#REF!
,36,TTAGGC,20,L1_3860,7.46,170721_WIGTC-HISEQ2A_CB2DFANXX,equil_c_nb,"mir1_libconstruct1,mir1_libconstruct2",TG,6,miR-1,NA,5,0,,,,SRR14594933,miR-1/agorbns/reads/pur_1_0percent.txt,,,,#REF!
,44,GGCTAC,18,L1_3868,9.03,170721_WIGTC-HISEQ2A_CB2DFANXX,equil_c2_nb,"mir1_libconstruct1,mir1_libconstruct2",TG,6,let-7a-21nt,NA,4,12.6,2,,,SRR14594915,let-7a-21nt/agorbns/reads/pur1_12.65%_rep2.txt,,,,#REF!
,45,ATCACG,8,L1_3943,4.28,170721_WIGTC-HISEQ2A_CB2DFANXX,equil_c_nb,"mir1_libconstruct1,mir1_libconstruct2",TG,4,"let-7a_plus1,let-7a_minus1",NA,7,I,,,,SRR14594934,"let-7a(+1),let-7a(-1)/agorbns/reads/pur1_input.txt",,,,#REF!
,46,CGATGT,14,L1_3944,7.99,170721_WIGTC-HISEQ2A_CB2DFANXX,equil_c_nb,"mir1_libconstruct1,mir1_libconstruct2",TG,4,let-7a_plus1,NA,7,40,,,,SRR14594935,let-7a(+1)/agorbns/reads/pur1_40%.txt,,,,#REF!
,47,TTAGGC,14,L1_3945,1.66,170721_WIGTC-HISEQ2A_CB2DFANXX,equil_c_nb,"mir1_libconstruct1,mir1_libconstruct2",TG,4,let-7a_plus1,NA,7,12.6,,,,SRR14594936,let-7a(+1)/agorbns/reads/pur1_12.65%.txt,,,,#REF!
,48,TGACCA,16,L1_3946,7.13,170721_WIGTC-HISEQ2A_CB2DFANXX,equil_c_nb,"mir1_libconstruct1,mir1_libconstruct2",TG,4,let-7a_plus1,NA,7,4,,,,SRR14594937,let-7a(+1)/agorbns/reads/pur1_4%.txt,,,,#REF!
,49,ACAGTG,16,L1_3947,5.5,170721_WIGTC-HISEQ2A_CB2DFANXX,equil_c_nb,"mir1_libconstruct1,mir1_libconstruct2",TG,4,let-7a_plus1,NA,7,1.26,,,,SRR14594938,let-7a(+1)/agorbns/reads/pur1_1.265%.txt,,,,#REF!
,50,GCCAAT,18,L1_3948,5.22,170721_WIGTC-HISEQ2A_CB2DFANXX,equil_c_nb,"mir1_libconstruct1,mir1_libconstruct2",TG,4,let-7a_plus1,NA,7,0.4,,,,SRR14594939,let-7a(+1)/agorbns/reads/pur1_0.4%.txt,,,,#REF!
,51,CAGATC,18,L1_3949,4.13,170721_WIGTC-HISEQ2A_CB2DFANXX,equil_c_nb,"mir1_libconstruct1,mir1_libconstruct2",TG,4,let-7a_plus1,NA,7,0,,,,SRR14594940,let-7a(+1)/agorbns/reads/pur1_0%.txt,,,,#REF!
,52,ACTTGA,14,L1_3950,6.77,170721_WIGTC-HISEQ2A_CB2DFANXX,equil_c_nb,"mir1_libconstruct1,mir1_libconstruct2",TG,4,let-7a_minus1,NA,8,40,,,,SRR14594941,let-7a(-1)/agorbns/reads/pur1_40%.txt,,,,#REF!
,53,GATCAG,16,L1_3951,7.76,170721_WIGTC-HISEQ2A_CB2DFANXX,equil_c_nb,"mir1_libconstruct1,mir1_libconstruct2",TG,4,let-7a_minus1,NA,8,12.6,,,,SRR14594942,let-7a(-1)/agorbns/reads/pur1_12.65%.txt,,,,#REF!
,54,TAGCTT,16,L1_3952,6.95,170721_WIGTC-HISEQ2A_CB2DFANXX,equil_c_nb,"mir1_libconstruct1,mir1_libconstruct2",TG,4,let-7a_minus1,NA,8,4,,,,SRR14594943,let-7a(-1)/agorbns/reads/pur1_4%.txt,,,,#REF!
,55,GGCTAC,18,L1_3953,5.57,170721_WIGTC-HISEQ2A_CB2DFANXX,equil_c_nb,"mir1_libconstruct1,mir1_libconstruct2",TG,4,let-7a_minus1,NA,8,1.26,,,,SRR14594945,let-7a(-1)/agorbns/reads/pur1_1.265%.txt,,,,#REF!
,56,CTTGTA,18,L1_3954,4.83,170721_WIGTC-HISEQ2A_CB2DFANXX,equil_c_nb,"mir1_libconstruct1,mir1_libconstruct2",TG,4,let-7a_minus1,NA,8,0.4,,,,SRR14594946,let-7a(-1)/agorbns/reads/pur1_0.4%.txt,,,,#REF!
,57,AGTCAA,18,L1_3955,5,170721_WIGTC-HISEQ2A_CB2DFANXX,equil_c_nb,"mir1_libconstruct1,mir1_libconstruct2",TG,4,let-7a_minus1,NA,8,0,,,,SRR14594947,let-7a(-1)/agorbns/reads/pur1_0%.txt,,,,#REF!
18.02.02,87,ATCACG,8,L1_4371,,180202_WIGTC-HISEQ2A_CC25CANXX,equilibrium2_nb,"mir1_libconstruct1,mir1_libconstruct2",TGT,4,"miR-7-23nt,miR-7-24nt,miR-7-25nt",NA,9,I,,,,SRR10533794,miR-7/agorbns/reads/pur1_input.txt,,,,#REF!
,88,CGATGT,14,L1_4372,,180202_WIGTC-HISEQ2A_CC25CANXX,equilibrium2_nb,"mir1_libconstruct1,mir1_libconstruct2",TGT,4,miR-7-23nt,NA,9,40,,,,SRR10533795,miR-7/agorbns/reads/pur1_40%.txt,,,,#REF!
,89,TTAGGC,18,L1_4373,,180202_WIGTC-HISEQ2A_CC25CANXX,equilibrium2_nb,"mir1_libconstruct1,mir1_libconstruct2",TGT,4,miR-7-23nt,NA,9,12.6,,,,SRR10533796,miR-7/agorbns/reads/pur1_12.65%.txt,,,,#REF!
,90,ACAGTG,18,L1_4374,,180202_WIGTC-HISEQ2A_CC25CANXX,equilibrium2_nb,"mir1_libconstruct1,mir1_libconstruct2",TGT,4,miR-7-23nt,NA,9,1.26,,,,SRR10533797,miR-7/agorbns/reads/pur1_1.265%.txt,,,,#REF!
,91,GCCAAT,18,L1_4375,,180202_WIGTC-HISEQ2A_CC25CANXX,equilibrium2_nb,"mir1_libconstruct1,mir1_libconstruct2",TGT,4,miR-7-23nt,NA,9,0.4,,,,SRR10533798,miR-7/agorbns/reads/pur1_0.4%.txt,,,,#REF!
,102,GATCAG,18,L1_4388,,180202_WIGTC-HISEQ2A_CC25CANXX,equilibrium2_nb,"mir1_libconstruct1,mir1_libconstruct2",TGT,5,"miR-7-23nt,miR-7-24nt,miR-7-25nt",NA,9,0,,,,SRR10533799,miR-7/agorbns/reads/pur1_0%.txt,,,,#REF!
,103,ATCACG,16,L1_4391,,180202_WIGTC-HISEQ2A_CC25CANXX,equil_sc_nb,"mir1_libconstruct1,mir1_libconstruct2",TGT,6,miR-155,NA,9,40,,,,SRR14594949,miR-155/agorbns/reads/pur_1_40percent.txt,,,,#REF!
,104,CGATGT,18,L1_4392,,180202_WIGTC-HISEQ2A_CC25CANXX,equil_sc_nb,"mir1_libconstruct1,mir1_libconstruct2",TGT,6,miR-155,NA,9,12.6,,,,SRR14594950,miR-155/agorbns/reads/pur_1_12.65percent.txt,,,,#REF!
,105,TTAGGC,18,L1_4393,,180202_WIGTC-HISEQ2A_CC25CANXX,equil_sc_nb,"mir1_libconstruct1,mir1_libconstruct2",TGT,6,miR-155,NA,9,4,,,,SRR14594951,miR-155/agorbns/reads/pur_1_4percent.txt,,,,#REF!
,106,TGACCA,18,L1_4394,,180202_WIGTC-HISEQ2A_CC25CANXX,equil_sc_nb,"mir1_libconstruct1,mir1_libconstruct2",TGT,6,miR-155,NA,9,1.26,,,,SRR14594952,miR-155/agorbns/reads/pur_1_1.265percent.txt,,,,#REF!
,107,ACAGTG,18,L1_4395,,180202_WIGTC-HISEQ2A_CC25CANXX,equil_sc_nb,"mir1_libconstruct1,mir1_libconstruct2",TGT,6,miR-155,NA,9,0.4,,,,SRR14594953,miR-155/agorbns/reads/pur_1_0.4percent.txt,,,,#REF!
,108,GCCAAT,18,L1_4396,,180202_WIGTC-HISEQ2A_CC25CANXX,equil_sc_nb,"mir1_libconstruct1,mir1_libconstruct2",TGT,6,miR-155,NA,9,0,,,,SRR14594954,miR-155/agorbns/reads/pur_1_0percent.txt,,,,#REF!
,109,CAGATC,10,L1_4397,,180202_WIGTC-HISEQ2A_CC25CANXX,equil_sc_nb,"mir1_libconstruct1,mir1_libconstruct2",TGT,6,miR-155,NA,9,I,,,,SRR14594948,miR-155/agorbns/reads/pur_1_inputlibrary.txt,,,,#REF!
18.06.05,110,ATCACG,10,L1_4561,7.99,180615_WIGTC-HISEQ2A_CCLD6ANXX,equilibrium3_nb,"mir1_libconstruct1,mir1_libconstruct2",TGT,5,miR-7-24nt,NA,12,I,2,,,SRR10533800,miR-7/agorbns/reads/pur1_input_reseq.txt,,,,#REF!
,117,ATCACG,8,L1_4568,7.93,180615_WIGTC-HISEQ2A_CCLD6ANXX,equil_c_nb,"mir1_libconstruct1,mir1_libconstruct2",TG,6,let-7a_miR-155,NA,12,I,,,,SRR14594955,let-7a-miR-155/agorbns/reads/pur1_input.txt,,,,#REF!
,118,CGATGT,16,L1_4569,4.27,180615_WIGTC-HISEQ2A_CCLD6ANXX,equil_c_nb,"mir1_libconstruct1,mir1_libconstruct2",TG,6,let-7a_miR-155,NA,12,40,,,,SRR14594956,let-7a-miR-155/agorbns/reads/pur1_40%.txt,,,,#REF!
,119,TTAGGC,18,L1_4570,8.41,180615_WIGTC-HISEQ2A_CCLD6ANXX,equil_c_nb,"mir1_libconstruct1,mir1_libconstruct2",TG,6,let-7a_miR-155,NA,12,12.6,,,,SRR14594957,let-7a-miR-155/agorbns/reads/pur1_12.65%.txt,,,,#REF!
,120,TGACCA,18,L1_4571,8.5,180615_WIGTC-HISEQ2A_CCLD6ANXX,equil_c_nb,"mir1_libconstruct1,mir1_libconstruct2",TG,6,let-7a_miR-155,NA,12,4,,,,SRR14594958,let-7a-miR-155/agorbns/reads/pur1_4%.txt,,,,#REF!
,121,ACAGTG,18,L1_4572,7.79,180615_WIGTC-HISEQ2A_CCLD6ANXX,equil_c_nb,"mir1_libconstruct1,mir1_libconstruct2",TG,6,let-7a_miR-155,NA,12,1.26,,,,SRR14594959,let-7a-miR-155/agorbns/reads/pur1_1.265%.txt,,,,#REF!
,122,GCCAAT,18,L1_4573,8.12,180615_WIGTC-HISEQ2A_CCLD6ANXX,equil_c_nb,"mir1_libconstruct1,mir1_libconstruct2",TG,6,let-7a_miR-155,NA,12,0.4,,,,SRR14594960,let-7a-miR-155/agorbns/reads/pur1_0.4%.txt,,,,#REF!
,123,CAGATC,18,L1_4574,8.92,180615_WIGTC-HISEQ2A_CCLD6ANXX,equil_c_nb,"mir1_libconstruct1,mir1_libconstruct2",TG,6,let-7a_miR-155,NA,12,0,,,,SRR14594961,let-7a-miR-155/agorbns/reads/pur1_0%.txt,,,,#REF!
,124,ATCACG,8,L1_4575,7.98,180615_WIGTC-HISEQ2A_CCLD6ANXX,equil_c_nb,"mir1_libconstruct1,mir1_libconstruct2",TGT,7,miR-155_let-7a,NA,12,I,,,,SRR14594962,miR-155-let-7a/agorbns/reads/pur1_input.txt,,,,#REF!
,125,CGATGT,16,L1_4576,7.67,180615_WIGTC-HISEQ2A_CCLD6ANXX,equil_c_nb,"mir1_libconstruct1,mir1_libconstruct2",TGT,7,miR-155_let-7a,NA,12,40,,,,SRR14594963,miR-155-let-7a/agorbns/reads/pur1_40%.txt,,,,#REF!
,126,TTAGGC,18,L1_4577,9.22,180615_WIGTC-HISEQ2A_CCLD6ANXX,equil_c_nb,"mir1_libconstruct1,mir1_libconstruct2",TGT,7,miR-155_let-7a,NA,12,12.6,,,,SRR14594964,miR-155-let-7a/agorbns/reads/pur1_12.65%.txt,,,,#REF!
,127,TGACCA,18,L1_4578,6.37,180615_WIGTC-HISEQ2A_CCLD6ANXX,equil_c_nb,"mir1_libconstruct1,mir1_libconstruct2",TGT,7,miR-155_let-7a,NA,12,4,,,,SRR14594965,miR-155-let-7a/agorbns/reads/pur1_4%.txt,,,,#REF!
,128,ACAGTG,18,L1_4579,6.04,180615_WIGTC-HISEQ2A_CCLD6ANXX,equil_c_nb,"mir1_libconstruct1,mir1_libconstruct2",TGT,7,miR-155_let-7a,NA,12,1.26,,,,SRR14594966,miR-155-let-7a/agorbns/reads/pur1_1.265%.txt,,,,#REF!
,129,GCCAAT,20,L1_4580,6.78,180615_WIGTC-HISEQ2A_CCLD6ANXX,equil_c_nb,"mir1_libconstruct1,mir1_libconstruct2",TGT,7,miR-155_let-7a,NA,12,0.4,,,,SRR14594967,miR-155-let-7a/agorbns/reads/pur1_0.4%.txt,,,,#REF!
,130,CAGATC,18,L1_4581,8.33,180615_WIGTC-HISEQ2A_CCLD6ANXX,equil_c_nb,"mir1_libconstruct1,mir1_libconstruct2",TGT,7,miR-155_let-7a,NA,12,0,,,,SRR14594968,miR-155-let-7a/agorbns/reads/pur1_0%.txt,,,,#REF!
,,,,,,,,,,,miR-144,,,rep1_batch1,1,1,HeLa,SRR10432913,miR-144/transfection_HeLa/reads/rep1_batch1.txt,1,1,miR-144,rep1_batch1
,,,,,,,,,,,miR-199a,,,rep1_batch1,1,1,HeLa,SRR10432914,miR-199a/transfection_HeLa/reads/rep1_batch1.txt,1,1,miR-199a,rep1_batch1
,,,,,,,,,,,miR-204,,,rep1_batch1,1,1,HeLa,SRR10432915,miR-204/transfection_HeLa/reads/rep1_batch1.txt,1,1,miR-204,rep1_batch1
,,,,,,,,,,,miR-137,,,rep1_batch2,1,2,HeLa,SRR10432916,miR-137/transfection_HeLa/reads/rep1_batch2.txt,2,1,miR-137,rep1_batch2
,,,,,,,,,,,miR-143,,,rep1_batch2,1,2,HeLa,SRR10432917,miR-143/transfection_HeLa/reads/rep1_batch2.txt,2,1,miR-143,rep1_batch2
,,,,,,,,,,,miR-144,,,rep2_batch2,2,2,HeLa,SRR10432918,miR-144/transfection_HeLa/reads/rep2_batch2.txt,2,2,miR-144,rep2_batch2
,,,,,,,,,,,miR-155,,,rep1_batch2,1,2,HeLa,SRR10432919,miR-155/transfection_HeLa/reads/rep1_batch2.txt,2,1,miR-155,rep1_batch2
,,,,,,,,,,,miR-199a,,,rep2_batch2,2,2,HeLa,SRR10432920,miR-199a/transfection_HeLa/reads/rep2_batch2.txt,2,2,miR-199a,rep2_batch2
,,,,,,,,,,,miR-204,,,rep2_batch2,2,2,HeLa,SRR10432921,miR-204/transfection_HeLa/reads/rep2_batch2.txt,2,2,miR-204,rep2_batch2
,,,,,,,,,,,miR-205,,,rep1_batch2,1,2,HeLa,SRR10432922,miR-205/transfection_HeLa/reads/rep1_batch2.txt,2,1,miR-205,rep1_batch2
,,,,,,,,,,,miR-223,,,rep1_batch2,1,2,HeLa,SRR10432923,miR-223/transfection_HeLa/reads/rep1_batch2.txt,2,1,miR-223,rep1_batch2
,,,,,,,,,,,miR-7,,,rep1_batch3,1,3,HeLa,SRR10432924,miR-7/transfection_HeLa/reads/rep1_batch3.txt,3,1,miR-7,rep1_batch3
,,,,,,,,,,,miR-137,,,rep2_batch3,2,3,HeLa,SRR10432925,miR-137/transfection_HeLa/reads/rep2_batch3.txt,3,2,miR-137,rep2_batch3
,,,,,,,,,,,miR-139,,,rep1_batch3,1,3,HeLa,SRR10432926,miR-139/transfection_HeLa/reads/rep1_batch3.txt,3,1,miR-139,rep1_batch3
,,,,,,,,,,,miR-153,,,rep1_batch3,1,3,HeLa,SRR10432927,miR-153/transfection_HeLa/reads/rep1_batch3.txt,3,1,miR-153,rep1_batch3
,,,,,,,,,,,miR-182,,,rep1_batch3,1,3,HeLa,SRR10432928,miR-182/transfection_HeLa/reads/rep1_batch3.txt,3,1,miR-182,rep1_batch3
,,,,,,,,,,,miR-205,,,rep2_batch3,2,3,HeLa,SRR10432929,miR-205/transfection_HeLa/reads/rep2_batch3.txt,3,2,miR-205,rep2_batch3
,,,,,,,,,,,miR-216b,,,rep1_batch3,1,3,HeLa,SRR10432930,miR-216b/transfection_HeLa/reads/rep1_batch3.txt,3,1,miR-216b,rep1_batch3
,,,,,,,,,,,let-7a,,,rep1_batch4,1,4,HeLa,SRR10432931,let-7a/transfection_HeLa/reads/rep1_batch4.txt,4,1,let-7a,rep1_batch4
,,,,,,,,,,,lsy-6,,,rep1_batch4,1,4,HeLa,SRR10432932,lsy-6/transfection_HeLa/reads/rep1_batch4.txt,4,1,lsy-6,rep1_batch4
,,,,,,,,,,,miR-1,,,rep1_batch4,1,4,HeLa,SRR10432933,miR-1/transfection_HeLa/reads/rep1_batch4.txt,4,1,miR-1,rep1_batch4
,,,,,,,,,,,miR-7,,,rep2_batch4,2,4,HeLa,SRR10432934,miR-7/transfection_HeLa/reads/rep2_batch4.txt,4,2,miR-7,rep2_batch4
,,,,,,,,,,,miR-124,,,rep1_batch4,1,4,HeLa,SRR10432935,miR-124/transfection_HeLa/reads/rep1_batch4.txt,4,1,miR-124,rep1_batch4
,,,,,,,,,,,miR-139,,,rep2_batch4,2,4,HeLa,SRR10432936,miR-139/transfection_HeLa/reads/rep2_batch4.txt,4,2,miR-139,rep2_batch4
,,,,,,,,,,,miR-155,,,rep2_batch4,2,4,HeLa,SRR10432937,miR-155/transfection_HeLa/reads/rep2_batch4.txt,4,2,miR-155,rep2_batch4
,,,,,,,,,,,miR-182,,,rep2_batch4,2,4,HeLa,SRR10432938,miR-182/transfection_HeLa/reads/rep2_batch4.txt,4,2,miR-182,rep2_batch4
,,,,,,,,,,,let-7a,,,rep2_batch5,2,5,HeLa,SRR10432939,let-7a/transfection_HeLa/reads/rep2_batch5.txt,5,2,let-7a,rep2_batch5
,,,,,,,,,,,lsy-6,,,rep2_batch5,2,5,HeLa,SRR10432940,lsy-6/transfection_HeLa/reads/rep2_batch5.txt,5,2,lsy-6,rep2_batch5
,,,,,,,,,,,miR-1,,,rep2_batch5,2,5,HeLa,SRR10432941,miR-1/transfection_HeLa/reads/rep2_batch5.txt,5,2,miR-1,rep2_batch5
,,,,,,,,,,,miR-124,,,rep2_batch5,2,5,HeLa,SRR10432942,miR-124/transfection_HeLa/reads/rep2_batch5.txt,5,2,miR-124,rep2_batch5
,,,,,,,,,,,miR-143,,,rep2_batch5,2,5,HeLa,SRR10432943,miR-143/transfection_HeLa/reads/rep2_batch5.txt,5,2,miR-143,rep2_batch5
,,,,,,,,,,,miR-153,,,rep2_batch5,2,5,HeLa,SRR10432944,miR-153/transfection_HeLa/reads/rep2_batch5.txt,5,2,miR-153,rep2_batch5
,,,,,,,,,,,miR-216b,,,rep2_batch5,2,5,HeLa,SRR10432945,miR-216b/transfection_HeLa/reads/rep2_batch5.txt,5,2,miR-216b,rep2_batch5
,,,,,,,,,,,miR-223,,,rep2_batch5,2,5,HeLa,SRR10432946,miR-223/transfection_HeLa/reads/rep2_batch5.txt,5,2,miR-223,rep2_batch5
,,,,,,,,,,,miR-122,,,rep1_batch1,1,1,HEK293FT,SRR10432947,miR-122/transfection_HEK293FT/reads/rep1_batch1.txt,1,1,miR-122,rep1_batch1
,,,,,,,,,,,miR-133,,,rep1_batch1,1,1,HEK293FT,SRR10432948,miR-133/transfection_HEK293FT/reads/rep1_batch1.txt,1,1,miR-133,rep1_batch1
,,,,,,,,,,,miR-145,,,rep1_batch1,1,1,HEK293FT,SRR10432949,miR-145/transfection_HEK293FT/reads/rep1_batch1.txt,1,1,miR-145,rep1_batch1
,,,,,,,,,,,miR-184,,,rep1_batch1,1,1,HEK293FT,SRR10432950,miR-184/transfection_HEK293FT/reads/rep1_batch1.txt,1,1,miR-184,rep1_batch1
,,,,,,,,,,,miR-216a,,,rep1_batch1,1,1,HEK293FT,SRR10432951,miR-216a/transfection_HEK293FT/reads/rep1_batch1.txt,1,1,miR-216a,rep1_batch1
,,,,,,,,,,,miR-217,,,rep1_batch1,1,1,HEK293FT,SRR10432952,miR-217/transfection_HEK293FT/reads/rep1_batch1.txt,1,1,miR-217,rep1_batch1
,,,,,,,,,,,miR-219a,,,rep1_batch1,1,1,HEK293FT,SRR10432953,miR-219a/transfection_HEK293FT/reads/rep1_batch1.txt,1,1,miR-219a,rep1_batch1
,,,,,,,,,,,miR-451a,,,rep1_batch1,1,1,HEK293FT,SRR10432954,miR-451a/transfection_HEK293FT/reads/rep1_batch1.txt,1,1,miR-451a,rep1_batch1
,,,,,,,,,,,miR-138,,,rep1_batch2,1,2,HEK293FT,SRR10432955,miR-138/transfection_HEK293FT/reads/rep1_batch2.txt,2,1,miR-138,rep1_batch2
,,,,,,,,,,,miR-190a,,,rep1_batch2,1,2,HEK293FT,SRR10432956,miR-190a/transfection_HEK293FT/reads/rep1_batch2.txt,2,1,miR-190a,rep1_batch2
,,,,,,,,,,,miR-200b,,,rep1_batch2,1,2,HEK293FT,SRR10432957,miR-200b/transfection_HEK293FT/reads/rep1_batch2.txt,2,1,miR-200b,rep1_batch2
,,,,,,,,,,,miR-216a,,,rep2_batch2,2,2,HEK293FT,SRR10432958,miR-216a/transfection_HEK293FT/reads/rep2_batch2.txt,2,2,miR-216a,rep2_batch2
,,,,,,,,,,,miR-217,,,rep2_batch2,2,2,HEK293FT,SRR10432959,miR-217/transfection_HEK293FT/reads/rep2_batch2.txt,2,2,miR-217,rep2_batch2
,,,,,,,,,,,miR-219a,,,rep2_batch2,2,2,HEK293FT,SRR10432960,miR-219a/transfection_HEK293FT/reads/rep2_batch2.txt,2,2,miR-219a,rep2_batch2
,,,,,,,,,,,miR-375,,,rep1_batch2,1,2,HEK293FT,SRR10432961,miR-375/transfection_HEK293FT/reads/rep1_batch2.txt,2,1,miR-375,rep1_batch2
,,,,,,,,,,,miR-451a,,,rep2_batch2,2,2,HEK293FT,SRR10432962,miR-451a/transfection_HEK293FT/reads/rep2_batch2.txt,2,2,miR-451a,rep2_batch2
,,,,,,,,,,,miR-122,,,rep2_batch3,2,3,HEK293FT,SRR10432963,miR-122/transfection_HEK293FT/reads/rep2_batch3.txt,3,2,miR-122,rep2_batch3
,,,,,,,,,,,miR-133,,,rep2_batch3,2,3,HEK293FT,SRR10432964,miR-133/transfection_HEK293FT/reads/rep2_batch3.txt,3,2,miR-133,rep2_batch3
,,,,,,,,,,,miR-138,,,rep2_batch3,2,3,HEK293FT,SRR10432965,miR-138/transfection_HEK293FT/reads/rep2_batch3.txt,3,2,miR-138,rep2_batch3
,,,,,,,,,,,miR-145,,,rep2_batch3,2,3,HEK293FT,SRR10432966,miR-145/transfection_HEK293FT/reads/rep2_batch3.txt,3,2,miR-145,rep2_batch3
,,,,,,,,,,,miR-184,,,rep2_batch3,2,3,HEK293FT,SRR10432967,miR-184/transfection_HEK293FT/reads/rep2_batch3.txt,3,2,miR-184,rep2_batch3
,,,,,,,,,,,miR-190a,,,rep2_batch3,2,3,HEK293FT,SRR10432968,miR-190a/transfection_HEK293FT/reads/rep2_batch3.txt,3,2,miR-190a,rep2_batch3
,,,,,,,,,,,miR-200b,,,rep2_batch3,2,3,HEK293FT,SRR10432969,miR-200b/transfection_HEK293FT/reads/rep2_batch3.txt,3,2,miR-200b,rep2_batch3
,,,,,,,,,,,miR-375,,,rep2_batch3,2,3,HEK293FT,SRR10432970,miR-375/transfection_HEK293FT/reads/rep2_batch3.txt,3,2,miR-375,rep2_batch3