,SL,Barcode,PCR cycles,GTC ID,BioA (nM),Exp,Exp_type,Spike,3prime,Lane,miRNA,S100,Pool,Sample type,[AGO],Library,Rep
16.12.15,1,ATCACG,6,L1_3347,4.43,161215_WIGTC-HISEQA_CA4V2ACXX,equilibrium_nb,"mir1_libconstruct1,mir1_libconstruct2",TGT,5,let-7a-21nt,NA,1,I,I,random,
,2,CGATGT,14,L1_3348,3.27,161215_WIGTC-HISEQA_CA4V2ACXX,equilibrium_nb,"mir1_libconstruct1,mir1_libconstruct2",TGT,5,let-7a-21nt,NA,1,40,40,random,
,3,TTAGGC,14,L1_3349,5.12,161215_WIGTC-HISEQA_CA4V2ACXX,equilibrium_nb,"mir1_libconstruct1,mir1_libconstruct2",TGT,5,let-7a-21nt,NA,1,12.6,12.6,random,
,4,TGACCA,18,L1_3350,10.45,161215_WIGTC-HISEQA_CA4V2ACXX,equilibrium_nb,"mir1_libconstruct1,mir1_libconstruct2",TGT,5,let-7a-21nt,NA,1,4,4,random,
,5,ACAGTG,18,L1_3351,7.66,161215_WIGTC-HISEQA_CA4V2ACXX,equilibrium_nb,"mir1_libconstruct1,mir1_libconstruct2",TGT,5,let-7a-21nt,NA,1,1.26,1.26,random,
,6,GCCAAT,18,L1_3352,0.96,161215_WIGTC-HISEQA_CA4V2ACXX,equilibrium_nb,"mir1_libconstruct1,mir1_libconstruct2",TGT,5,let-7a-21nt,NA,1,0.4,0.4,random,
,7,CAGATC,18,L1_3353,9.97,161215_WIGTC-HISEQA_CA4V2ACXX,equilibrium_nb,"mir1_libconstruct1,mir1_libconstruct2",TGT,5,let-7a-21nt,NA,1,0,0,random,
,8,ACTTGA,6,L1_3354,7.54,161215_WIGTC-HISEQA_CA4V2ACXX,equil_c_nb,"mir1_libconstruct1,mir1_libconstruct2",TG,5,let-7a-21nt,NA,2,I,I,mix2,
,9,GATCAG,14,L1_3355,9.24,161215_WIGTC-HISEQA_CA4V2ACXX,equil_c_nb,"mir1_libconstruct1,mir1_libconstruct2",TG,5,let-7a-21nt,NA,2,40,40,mix2,
,10,TAGCTT,14,L1_3356,6.19,161215_WIGTC-HISEQA_CA4V2ACXX,equil_c_nb,"mir1_libconstruct1,mir1_libconstruct2",TG,5,let-7a-21nt,NA,2,12.6,12.6,mix2,
,11,GGCTAC,14,L1_3357,1.93,161215_WIGTC-HISEQA_CA4V2ACXX,equil_c_nb,"mir1_libconstruct1,mir1_libconstruct2",TG,5,let-7a-21nt,NA,2,4,4,mix2,
,12,ATCACG,18,L1_3358,16.02,161215_WIGTC-HISEQA_CA4V2ACXX,equil_c_nb,"mir1_libconstruct1,mir1_libconstruct2",TG,6,let-7a-21nt,NA,2,1.26,1.26,mix2,
,13,CGATGT,18,L1_3359,12.92,161215_WIGTC-HISEQA_CA4V2ACXX,equil_c_nb,"mir1_libconstruct1,mir1_libconstruct2",TG,6,let-7a-21nt,NA,2,0.4,0.4,mix2,
,14,TTAGGC,18,L1_3360,9.57,161215_WIGTC-HISEQA_CA4V2ACXX,equil_c_nb,"mir1_libconstruct1,mir1_libconstruct2",TG,6,let-7a-21nt,NA,2,0,0,mix2,
,15,TGACCA,6,L1_3361,5.19,161215_WIGTC-HISEQA_CA4V2ACXX,equil_s_nb,"mir1_libconstruct1,mir1_libconstruct2",TG,6,let-7a-21nt,NA,3,I,I,mix3,
,16,ACAGTG,14,L1_3362,2.56,161215_WIGTC-HISEQA_CA4V2ACXX,equil_s_nb,"mir1_libconstruct1,mir1_libconstruct2",TG,6,let-7a-21nt,NA,3,12.6,12.6,mix3,
,17,GCCAAT,18,L1_3363,0.59,161215_WIGTC-HISEQA_CA4V2ACXX,equil_s_nb,"mir1_libconstruct1,mir1_libconstruct2",TG,6,let-7a-21nt,NA,3,4,4,mix3,
,18,CAGATC,14,L1_3364,7.14,161215_WIGTC-HISEQA_CA4V2ACXX,equil_s_nb,"mir1_libconstruct1,mir1_libconstruct2",TG,6,let-7a-21nt,NA,3,1.26,1.26,mix3,
,19,ACTTGA,18,L1_3365,2.62,161215_WIGTC-HISEQA_CA4V2ACXX,equil_s_nb,"mir1_libconstruct1,mir1_libconstruct2",TG,6,let-7a-21nt,NA,3,0.4,0.4,mix3,
,20,GATCAG,18,L1_3366,5.89,161215_WIGTC-HISEQA_CA4V2ACXX,equil_s_nb,"mir1_libconstruct1,mir1_libconstruct2",TG,6,let-7a-21nt,NA,3,0,0,mix3,
,21,TAGCTT,18,L1_3367,1.04,161215_WIGTC-HISEQA_CA4V2ACXX,equil_s_nb,"mir1_libconstruct1,mir1_libconstruct2",TG,6,let-7a-21nt,NA,3,4_2,4,mix3,rep
,22,GGCTAC,14,L1_3368,2.33,161215_WIGTC-HISEQA_CA4V2ACXX,equil_s_nb,"mir1_libconstruct1,mir1_libconstruct2",TG,6,let-7a-21nt,NA,3,12.6_2,12.6,mix3,rep
17.07.07,23,ATCACG,15,L1_3847,7.31,170707_WIGTC-HISEQ2B_CB5YYANXX,equil_c2_alt_nb,"mir1_libconstruct1,mir1_libconstruct2",TG,2,let-7a-21nt,NA,4,I,I,mix2_rep,
,24,CGATGT,15,L1_3848,1.46,170707_WIGTC-HISEQ2B_CB5YYANXX,equil_c2_alt_nb,"mir1_libconstruct1,mir1_libconstruct2",TG,2,let-7a-21nt,NA,4,40,40,mix2_rep,
,25,TTAGGC,16,L1_3849,7.33,170707_WIGTC-HISEQ2B_CB5YYANXX,equil_c2_alt_nb,"mir1_libconstruct1,mir1_libconstruct2",TG,2,let-7a-21nt,NA,4,12.6,12.6,mix2_rep,
,26,TGACCA,16,L1_3850,7.48,170707_WIGTC-HISEQ2B_CB5YYANXX,equil_c2_alt_nb,"mir1_libconstruct1,mir1_libconstruct2",TG,2,let-7a-21nt,NA,4,4,4,mix2_rep,
,27,ACAGTG,18,L1_3851,7.06,170707_WIGTC-HISEQ2B_CB5YYANXX,equil_c2_alt_nb,"mir1_libconstruct1,mir1_libconstruct2",TG,2,let-7a-21nt,NA,4,1.26,1.26,mix2_rep,
,28,GCCAAT,20,L1_3852,7.31,170707_WIGTC-HISEQ2B_CB5YYANXX,equil_c2_alt_nb,"mir1_libconstruct1,mir1_libconstruct2",TG,2,let-7a-21nt,NA,4,0.4,0.4,mix2_rep,
,29,CAGATC,18,L1_3853,7.7,170707_WIGTC-HISEQ2B_CB5YYANXX,equil_c2_alt_nb,"mir1_libconstruct1,mir1_libconstruct2",TG,2,let-7a-21nt,NA,4,0,0,mix2_rep,
,30,ACTTGA,8,L1_3854,4.61,170707_WIGTC-HISEQ2B_CB5YYANXX,equil_c_alt_nb,"mir1_libconstruct1,mir1_libconstruct2",TG,2,miR-1,NA,5,I,I,mix2,
,31,GATCAG,15,L1_3855,4.92,170707_WIGTC-HISEQ2B_CB5YYANXX,equil_c_alt_nb,"mir1_libconstruct1,mir1_libconstruct2",TG,2,miR-1,NA,5,40,40,mix2,
,32,TAGCTT,16,L1_3856,6.11,170707_WIGTC-HISEQ2B_CB5YYANXX,equil_c_alt_nb,"mir1_libconstruct1,mir1_libconstruct2",TG,2,miR-1,NA,5,12.6,12.6,mix2,
,33,GGCTAC,20,L1_3857,8.45,170707_WIGTC-HISEQ2B_CB5YYANXX,equil_c_alt_nb,"mir1_libconstruct1,mir1_libconstruct2",TG,2,miR-1,NA,5,4,4,mix2,
17.07.21,34,ATCACG,20,L1_3858,7.74,170707_WIGTC-HISEQ2B_CB5YYANXX,equil_c_alt_nb,"mir1_libconstruct1,mir1_libconstruct2",TG,3,miR-1,NA,5,1.26,1.26,mix2,
,35,CGATGT,20,L1_3859,8.27,170707_WIGTC-HISEQ2B_CB5YYANXX,equil_c_alt_nb,"mir1_libconstruct1,mir1_libconstruct2",TG,3,miR-1,NA,5,0.4,0.4,mix2,
,36,TTAGGC,20,L1_3860,7.46,170707_WIGTC-HISEQ2B_CB5YYANXX,equil_c_alt_nb,"mir1_libconstruct1,mir1_libconstruct2",TG,3,miR-1,NA,5,0,0,mix2,
,37,TGACCA,8,L1_3861,8.51,170707_WIGTC-HISEQ2B_CB5YYANXX,equil_sc_alt_nb,"mir1_libconstruct1,mir1_libconstruct2",TG,3,miR-1,NA,6,I,I,mix2_3,
,38,ACAGTG,15,L1_3862,7.81,170707_WIGTC-HISEQ2B_CB5YYANXX,equil_sc_alt_nb,"mir1_libconstruct1,mir1_libconstruct2",TG,3,miR-1,NA,6,40,40,mix2_3,
,39,GCCAAT,24,L1_3863,8.56,170707_WIGTC-HISEQ2B_CB5YYANXX,equil_sc_alt_nb,"mir1_libconstruct1,mir1_libconstruct2",TG,3,miR-1,NA,6,12.6,12.6,mix2_3,
,40,CAGATC,18,L1_3864,8.3,170707_WIGTC-HISEQ2B_CB5YYANXX,equil_sc_alt_nb,"mir1_libconstruct1,mir1_libconstruct2",TG,3,miR-1,NA,6,4,4,mix2_3,
,41,ACTTGA,18,L1_3865,7.28,170707_WIGTC-HISEQ2B_CB5YYANXX,equil_sc_alt_nb,"mir1_libconstruct1,mir1_libconstruct2",TG,3,miR-1,NA,6,1.26,1.26,mix2_3,
,42,GATCAG,18,L1_3866,8.08,170707_WIGTC-HISEQ2B_CB5YYANXX,equil_sc_alt_nb,"mir1_libconstruct1,mir1_libconstruct2",TG,3,miR-1,NA,6,0.4,0.4,mix2_3,
,43,TAGCTT,20,L1_3867,6.58,170707_WIGTC-HISEQ2B_CB5YYANXX,equil_sc_alt_nb,"mir1_libconstruct1,mir1_libconstruct2",TG,3,miR-1,NA,6,0,0,mix2_3,
,44,GGCTAC,18,L1_3868,9.03,170707_WIGTC-HISEQ2B_CB5YYANXX,equil_c2_alt_nb,"mir1_libconstruct1,mir1_libconstruct2",TG,3,let-7a-21nt,NA,4,12.6_2,12.6,mix2_rep3,rep
17.07.13,23,ATCACG,15,L1_3847,7.31,170713_WIGTC-HISEQ2B_CB5HKANXX,equil_c2_nb,"mir1_libconstruct1,mir1_libconstruct2",TG,3,let-7a-21nt,NA,4,I,I,mix2_rep,
,24,CGATGT,15,L1_3848,1.46,170713_WIGTC-HISEQ2B_CB5HKANXX,equil_c2_nb,"mir1_libconstruct1,mir1_libconstruct2",TG,3,let-7a-21nt,NA,4,40,40,mix2_rep,
,25,TTAGGC,16,L1_3849,7.33,170713_WIGTC-HISEQ2B_CB5HKANXX,equil_c2_nb,"mir1_libconstruct1,mir1_libconstruct2",TG,3,let-7a-21nt,NA,4,12.6,12.6,mix2_rep,
,26,TGACCA,16,L1_3850,7.48,170713_WIGTC-HISEQ2B_CB5HKANXX,equil_c2_nb,"mir1_libconstruct1,mir1_libconstruct2",TG,3,let-7a-21nt,NA,4,4,4,mix2_rep,
,27,ACAGTG,18,L1_3851,7.06,170713_WIGTC-HISEQ2B_CB5HKANXX,equil_c2_nb,"mir1_libconstruct1,mir1_libconstruct2",TG,3,let-7a-21nt,NA,4,1.26,1.26,mix2_rep,
,28,GCCAAT,20,L1_3852,7.31,170713_WIGTC-HISEQ2B_CB5HKANXX,equil_c2_nb,"mir1_libconstruct1,mir1_libconstruct2",TG,3,let-7a-21nt,NA,4,0.4,0.4,mix2_rep,
,29,CAGATC,18,L1_3853,7.7,170713_WIGTC-HISEQ2B_CB5HKANXX,equil_c2_nb,"mir1_libconstruct1,mir1_libconstruct2",TG,3,let-7a-21nt,NA,4,0,0,mix2_rep,
,30,ACTTGA,8,L1_3854,4.61,170713_WIGTC-HISEQ2B_CB5HKANXX,equil_c_nb,"mir1_libconstruct1,mir1_libconstruct2",TG,3,miR-1,NA,5,I,I,mix2,
,31,GATCAG,15,L1_3855,4.92,170713_WIGTC-HISEQ2B_CB5HKANXX,equil_c_nb,"mir1_libconstruct1,mir1_libconstruct2",TG,3,miR-1,NA,5,40,40,mix2,
,32,TAGCTT,16,L1_3856,6.11,170713_WIGTC-HISEQ2B_CB5HKANXX,equil_c_nb,"mir1_libconstruct1,mir1_libconstruct2",TG,3,miR-1,NA,5,12.6,12.6,mix2,
,33,GGCTAC,20,L1_3857,8.45,170713_WIGTC-HISEQ2B_CB5HKANXX,equil_c_nb,"mir1_libconstruct1,mir1_libconstruct2",TG,3,miR-1,NA,5,4,4,mix2,
17.07.21,34,ATCACG,20,L1_3858,7.74,170721_WIGTC-HISEQ2A_CB2DFANXX,equil_c_nb,"mir1_libconstruct1,mir1_libconstruct2",TG,6,miR-1,NA,5,1.26,1.26,mix2,
,35,CGATGT,20,L1_3859,8.27,170721_WIGTC-HISEQ2A_CB2DFANXX,equil_c_nb,"mir1_libconstruct1,mir1_libconstruct2",TG,6,miR-1,NA,5,0.4,0.4,mix2,
,36,TTAGGC,20,L1_3860,7.46,170721_WIGTC-HISEQ2A_CB2DFANXX,equil_c_nb,"mir1_libconstruct1,mir1_libconstruct2",TG,6,miR-1,NA,5,0,0,mix2,
,37,TGACCA,8,L1_3861,8.51,170721_WIGTC-HISEQ2A_CB2DFANXX,equil_sc_nb,"mir1_libconstruct1,mir1_libconstruct2",TG,6,miR-1,NA,6,I,I,mix2_3,
,38,ACAGTG,15,L1_3862,7.81,170721_WIGTC-HISEQ2A_CB2DFANXX,equil_sc_nb,"mir1_libconstruct1,mir1_libconstruct2",TG,6,miR-1,NA,6,40,40,mix2_3,
,39,GCCAAT,24,L1_3863,8.56,170721_WIGTC-HISEQ2A_CB2DFANXX,equil_sc_nb,"mir1_libconstruct1,mir1_libconstruct2",TG,6,miR-1,NA,6,12.6,12.6,mix2_3,
,40,CAGATC,18,L1_3864,8.3,170721_WIGTC-HISEQ2A_CB2DFANXX,equil_sc_nb,"mir1_libconstruct1,mir1_libconstruct2",TG,6,miR-1,NA,6,4,4,mix2_3,
,41,ACTTGA,18,L1_3865,7.28,170721_WIGTC-HISEQ2A_CB2DFANXX,equil_sc_nb,"mir1_libconstruct1,mir1_libconstruct2",TG,6,miR-1,NA,6,1.26,1.26,mix2_3,
,42,GATCAG,18,L1_3866,8.08,170721_WIGTC-HISEQ2A_CB2DFANXX,equil_sc_nb,"mir1_libconstruct1,mir1_libconstruct2",TG,6,miR-1,NA,6,0.4,0.4,mix2_3,
,43,TAGCTT,20,L1_3867,6.58,170721_WIGTC-HISEQ2A_CB2DFANXX,equil_sc_nb,"mir1_libconstruct1,mir1_libconstruct2",TG,6,miR-1,NA,6,0,0,mix2_3,
,44,GGCTAC,18,L1_3868,9.03,170721_WIGTC-HISEQ2A_CB2DFANXX,equil_c2_nb,"mir1_libconstruct1,mir1_libconstruct2",TG,6,let-7a-21nt,NA,4,12.6_2,12.6,mix2_rep3,rep
,45,ATCACG,8,L1_3943,4.28,170721_WIGTC-HISEQ2A_CB2DFANXX,equil_c_nb,"mir1_libconstruct1,mir1_libconstruct2",TG,4,"let-7a_plus1,let-7a_minus1",NA,7,I,I,mix2,
,46,CGATGT,14,L1_3944,7.99,170721_WIGTC-HISEQ2A_CB2DFANXX,equil_c_nb,"mir1_libconstruct1,mir1_libconstruct2",TG,4,let-7a_plus1,NA,7,40,40,mix2,
,47,TTAGGC,14,L1_3945,1.66,170721_WIGTC-HISEQ2A_CB2DFANXX,equil_c_nb,"mir1_libconstruct1,mir1_libconstruct2",TG,4,let-7a_plus1,NA,7,12.6,12.6,mix2,
,48,TGACCA,16,L1_3946,7.13,170721_WIGTC-HISEQ2A_CB2DFANXX,equil_c_nb,"mir1_libconstruct1,mir1_libconstruct2",TG,4,let-7a_plus1,NA,7,4,4,mix2,
,49,ACAGTG,16,L1_3947,5.5,170721_WIGTC-HISEQ2A_CB2DFANXX,equil_c_nb,"mir1_libconstruct1,mir1_libconstruct2",TG,4,let-7a_plus1,NA,7,1.26,1.26,mix2,
,50,GCCAAT,18,L1_3948,5.22,170721_WIGTC-HISEQ2A_CB2DFANXX,equil_c_nb,"mir1_libconstruct1,mir1_libconstruct2",TG,4,let-7a_plus1,NA,7,0.4,0.4,mix2,
,51,CAGATC,18,L1_3949,4.13,170721_WIGTC-HISEQ2A_CB2DFANXX,equil_c_nb,"mir1_libconstruct1,mir1_libconstruct2",TG,4,let-7a_plus1,NA,7,0,0,mix2,
,52,ACTTGA,14,L1_3950,6.77,170721_WIGTC-HISEQ2A_CB2DFANXX,equil_c_nb,"mir1_libconstruct1,mir1_libconstruct2",TG,4,let-7a_minus1,NA,8,40,40,mix2,
,53,GATCAG,16,L1_3951,7.76,170721_WIGTC-HISEQ2A_CB2DFANXX,equil_c_nb,"mir1_libconstruct1,mir1_libconstruct2",TG,4,let-7a_minus1,NA,8,12.6,12.6,mix2,
,54,TAGCTT,16,L1_3952,6.95,170721_WIGTC-HISEQ2A_CB2DFANXX,equil_c_nb,"mir1_libconstruct1,mir1_libconstruct2",TG,4,let-7a_minus1,NA,8,4,4,mix2,
,55,GGCTAC,18,L1_3953,5.57,170721_WIGTC-HISEQ2A_CB2DFANXX,equil_c_nb,"mir1_libconstruct1,mir1_libconstruct2",TG,4,let-7a_minus1,NA,8,1.26,1.26,mix2,
,56,CTTGTA,18,L1_3954,4.83,170721_WIGTC-HISEQ2A_CB2DFANXX,equil_c_nb,"mir1_libconstruct1,mir1_libconstruct2",TG,4,let-7a_minus1,NA,8,0.4,0.4,mix2,
,57,AGTCAA,18,L1_3955,5,170721_WIGTC-HISEQ2A_CB2DFANXX,equil_c_nb,"mir1_libconstruct1,mir1_libconstruct2",TG,4,let-7a_minus1,NA,8,0,0,mix2,
17.11.16,58,ATCACG,,L1_4212,,171116_WIGTC-HISEQ3A_CBFBEANXX,equilibrium_nb,"mir1_libconstruct1,mir1_libconstruct2",TGT,5,"miR-7-22nt,miR-7-23nt,miR-7-24nt,miR-7-25nt",NA,7,I,I,random,
,59,CGATGT,,L1_4213,,171116_WIGTC-HISEQ3A_CBFBEANXX,equilibrium_nb,"mir1_libconstruct1,mir1_libconstruct2",TGT,5,miR-7-22nt,NA,7,40,40,random,
,60,TTAGGC,,L1_4214,,171116_WIGTC-HISEQ3A_CBFBEANXX,equilibrium_nb,"mir1_libconstruct1,mir1_libconstruct2",TGT,5,miR-7-22nt,NA,7,12.6,12.6,random,
,61,TGACCA,,L1_4215,,171116_WIGTC-HISEQ3A_CBFBEANXX,equilibrium_nb,"mir1_libconstruct1,mir1_libconstruct2",TGT,5,miR-7-22nt,NA,7,4,4,random,
,62,ACAGTG,,L1_4216,,171116_WIGTC-HISEQ3A_CBFBEANXX,equilibrium_nb,"mir1_libconstruct1,mir1_libconstruct2",TGT,5,miR-7-22nt,NA,7,1.26,1.26,random,
,63,GCCAAT,,L1_4217,,171116_WIGTC-HISEQ3A_CBFBEANXX,equilibrium_nb,"mir1_libconstruct1,mir1_libconstruct2",TGT,5,miR-7-22nt,NA,7,0.4,0.4,random,
,64,CAGATC,,L1_4218,,171116_WIGTC-HISEQ3A_CBFBEANXX,equilibrium_nb,"mir1_libconstruct1,mir1_libconstruct2",TGT,5,miR-7-23nt,NA,7,40,40,random,
,65,ATCACG,,L1_4219,,171116_WIGTC-HISEQ3A_CBFBEANXX,equilibrium_nb,"mir1_libconstruct1,mir1_libconstruct2",TGT,6,miR-7-23nt,NA,7,12.6,12.6,random,
,66,CGATGT,,L1_4220,,171116_WIGTC-HISEQ3A_CBFBEANXX,equilibrium_nb,"mir1_libconstruct1,mir1_libconstruct2",TGT,6,miR-7-23nt,NA,7,4,4,random,
,67,TTAGGC,,L1_4221,,171116_WIGTC-HISEQ3A_CBFBEANXX,equilibrium_nb,"mir1_libconstruct1,mir1_libconstruct2",TGT,6,miR-7-23nt,NA,7,1.26,1.26,random,
,68,TGACCA,,L1_4222,,171116_WIGTC-HISEQ3A_CBFBEANXX,equilibrium_nb,"mir1_libconstruct1,mir1_libconstruct2",TGT,6,miR-7-23nt,NA,7,0.4,0.4,random,
,69,ACAGTG,,L1_4223,,171116_WIGTC-HISEQ3A_CBFBEANXX,equilibrium_nb,"mir1_libconstruct1,mir1_libconstruct2",TGT,6,miR-7-24nt,NA,7,40,40,random,
,70,GCCAAT,,L1_4224,,171116_WIGTC-HISEQ3A_CBFBEANXX,equilibrium_nb,"mir1_libconstruct1,mir1_libconstruct2",TGT,6,miR-7-24nt,NA,7,12.6,12.6,random,
,71,CAGATC,,L1_4225,,171116_WIGTC-HISEQ3A_CBFBEANXX,equilibrium_nb,"mir1_libconstruct1,mir1_libconstruct2",TGT,6,miR-7-24nt,NA,7,4,4,random,
,72,ATCACG,,L1_4226,,171116_WIGTC-HISEQ3A_CBFBEANXX,equilibrium_nb,"mir1_libconstruct1,mir1_libconstruct2",TGT,7,miR-7-24nt,NA,7,1.26,1.26,random,
,73,CGATGT,,L1_4227,,171116_WIGTC-HISEQ3A_CBFBEANXX,equilibrium_nb,"mir1_libconstruct1,mir1_libconstruct2",TGT,7,miR-7-24nt,NA,7,0.4,0.4,random,
,74,TTAGGC,,L1_4228,,171116_WIGTC-HISEQ3A_CBFBEANXX,equilibrium_nb,"mir1_libconstruct1,mir1_libconstruct2",TGT,7,miR-7-25nt,NA,7,40,40,random,
,75,TGACCA,,L1_4229,,171116_WIGTC-HISEQ3A_CBFBEANXX,equilibrium_nb,"mir1_libconstruct1,mir1_libconstruct2",TGT,7,miR-7-25nt,NA,7,12.6,12.6,random,
,76,ACAGTG,,L1_4230,,171116_WIGTC-HISEQ3A_CBFBEANXX,equilibrium_nb,"mir1_libconstruct1,mir1_libconstruct2",TGT,7,miR-7-25nt,NA,7,4,4,random,
,77,GCCAAT,,L1_4231,,171116_WIGTC-HISEQ3A_CBFBEANXX,equilibrium_nb,"mir1_libconstruct1,mir1_libconstruct2",TGT,7,miR-7-25nt,NA,7,1.26,1.26,random,
,78,CAGATC,,L1_4232,,171116_WIGTC-HISEQ3A_CBFBEANXX,equilibrium_nb,"mir1_libconstruct1,mir1_libconstruct2",TGT,7,miR-7-25nt,NA,7,0.4,0.4,random,
,79,ACTTGA,,L1_4233,,171116_WIGTC-HISEQ3A_CBFBEANXX,equilibrium_nb,"mir1_libconstruct1,mir1_libconstruct2",TGT,7,"miR-7-22nt,miR-7-23nt,miR-7-24nt,miR-7-25nt",NA,7,0,0,random,
,80,ATCACG,,L1_4234,,171116_WIGTC-HISEQ3A_CBFBEANXX,equil_sc_nb,"mir1_libconstruct1,mir1_libconstruct2",TG,8,let-7a-21nt,NA,7,I,I,mix2_3_2,
,81,CGATGT,,L1_4235,,171116_WIGTC-HISEQ3A_CBFBEANXX,equil_sc_nb,"mir1_libconstruct1,mir1_libconstruct2",TG,8,let-7a-21nt,NA,7,40,40,mix2_3_2,
,82,TTAGGC,,L1_4236,,171116_WIGTC-HISEQ3A_CBFBEANXX,equil_sc_nb,"mir1_libconstruct1,mir1_libconstruct2",TG,8,let-7a-21nt,NA,7,12.6,12.6,mix2_3_2,
,83,TGACCA,,L1_4237,,171116_WIGTC-HISEQ3A_CBFBEANXX,equil_sc_nb,"mir1_libconstruct1,mir1_libconstruct2",TG,8,let-7a-21nt,NA,7,4,4,mix2_3_2,
,84,ACAGTG,,L1_4238,,171116_WIGTC-HISEQ3A_CBFBEANXX,equil_sc_nb,"mir1_libconstruct1,mir1_libconstruct2",TG,8,let-7a-21nt,NA,7,1.26,1.26,mix2_3_2,
,85,GCCAAT,,L1_4239,,171116_WIGTC-HISEQ3A_CBFBEANXX,equil_sc_nb,"mir1_libconstruct1,mir1_libconstruct2",TG,8,let-7a-21nt,NA,7,0.4,0.4,mix2_3_2,
,86,CAGATC,,L1_4240,,171116_WIGTC-HISEQ3A_CBFBEANXX,equil_sc_nb,"mir1_libconstruct1,mir1_libconstruct2",TG,8,let-7a-21nt,NA,7,0,0,mix2_3_2,
18.02.02,87,ATCACG,8,L1_4371,,180202_WIGTC-HISEQ2A_CC25CANXX,equilibrium2_nb,"mir1_libconstruct1,mir1_libconstruct2",TGT,4,"miR-7-23nt,miR-7-24nt,miR-7-25nt",NA,9,I,I,9,
,88,CGATGT,14,L1_4372,,180202_WIGTC-HISEQ2A_CC25CANXX,equilibrium2_nb,"mir1_libconstruct1,mir1_libconstruct2",TGT,4,miR-7-23nt,NA,9,40,40,9,
,89,TTAGGC,18,L1_4373,,180202_WIGTC-HISEQ2A_CC25CANXX,equilibrium2_nb,"mir1_libconstruct1,mir1_libconstruct2",TGT,4,miR-7-23nt,NA,9,12.6,12.6,9,
,90,ACAGTG,18,L1_4374,,180202_WIGTC-HISEQ2A_CC25CANXX,equilibrium2_nb,"mir1_libconstruct1,mir1_libconstruct2",TGT,4,miR-7-23nt,NA,9,1.26,1.26,9,
,91,GCCAAT,18,L1_4375,,180202_WIGTC-HISEQ2A_CC25CANXX,equilibrium2_nb,"mir1_libconstruct1,mir1_libconstruct2",TGT,4,miR-7-23nt,NA,9,0.4,0.4,9,
,92,CAGATC,18,L1_4376,,180202_WIGTC-HISEQ2A_CC25CANXX,equilibrium2_nb,"mir1_libconstruct1,mir1_libconstruct2",TGT,4,miR-7-24nt,NA,9,40,40,9,
,93,ACTTGA,18,L1_4377,,180202_WIGTC-HISEQ2A_CC25CANXX,equilibrium2_nb,"mir1_libconstruct1,mir1_libconstruct2",TGT,4,miR-7-24nt,NA,9,12.6,12.6,9,
,94,ATCACG,18,L1_4380,,180202_WIGTC-HISEQ2A_CC25CANXX,equilibrium2_nb,"mir1_libconstruct1,mir1_libconstruct2",TGT,5,miR-7-24nt,NA,9,4,4,9,
,95,CGATGT,18,L1_4381,,180202_WIGTC-HISEQ2A_CC25CANXX,equilibrium2_nb,"mir1_libconstruct1,mir1_libconstruct2",TGT,5,miR-7-24nt,NA,9,1.26,1.26,9,
,96,TTAGGC,18,L1_4382,,180202_WIGTC-HISEQ2A_CC25CANXX,equilibrium2_nb,"mir1_libconstruct1,mir1_libconstruct2",TGT,5,miR-7-24nt,NA,9,0.4,0.4,9,
,97,TGACCA,18,L1_4383,,180202_WIGTC-HISEQ2A_CC25CANXX,equilibrium2_nb,"mir1_libconstruct1,mir1_libconstruct2",TGT,5,miR-7-25nt,NA,9,40,40,9,
,98,ACAGTG,18,L1_4384,,180202_WIGTC-HISEQ2A_CC25CANXX,equilibrium2_nb,"mir1_libconstruct1,mir1_libconstruct2",TGT,5,miR-7-25nt,NA,9,12.6,12.6,9,
,99,GCCAAT,18,L1_4385,,180202_WIGTC-HISEQ2A_CC25CANXX,equilibrium2_nb,"mir1_libconstruct1,mir1_libconstruct2",TGT,5,miR-7-25nt,NA,9,4,4,9,
,100,CAGATC,18,L1_4386,,180202_WIGTC-HISEQ2A_CC25CANXX,equilibrium2_nb,"mir1_libconstruct1,mir1_libconstruct2",TGT,5,miR-7-25nt,NA,9,1.26,1.26,9,
,101,ACTTGA,18,L1_4387,,180202_WIGTC-HISEQ2A_CC25CANXX,equilibrium2_nb,"mir1_libconstruct1,mir1_libconstruct2",TGT,5,miR-7-25nt,NA,9,0.4,0.4,9,
,102,GATCAG,18,L1_4388,,180202_WIGTC-HISEQ2A_CC25CANXX,equilibrium2_nb,"mir1_libconstruct1,mir1_libconstruct2",TGT,5,"miR-7-23nt,miR-7-24nt,miR-7-25nt",NA,9,0,0,9,
,103,ATCACG,16,L1_4391,,180202_WIGTC-HISEQ2A_CC25CANXX,equil_sc_nb,"mir1_libconstruct1,mir1_libconstruct2",TGT,6,miR-155,NA,9,40,40,mix2_3_3,
,104,CGATGT,18,L1_4392,,180202_WIGTC-HISEQ2A_CC25CANXX,equil_sc_nb,"mir1_libconstruct1,mir1_libconstruct2",TGT,6,miR-155,NA,9,12.6,12.6,mix2_3_3,
,105,TTAGGC,18,L1_4393,,180202_WIGTC-HISEQ2A_CC25CANXX,equil_sc_nb,"mir1_libconstruct1,mir1_libconstruct2",TGT,6,miR-155,NA,9,4,4,mix2_3_3,
,106,TGACCA,18,L1_4394,,180202_WIGTC-HISEQ2A_CC25CANXX,equil_sc_nb,"mir1_libconstruct1,mir1_libconstruct2",TGT,6,miR-155,NA,9,1.26,1.26,mix2_3_3,
,107,ACAGTG,18,L1_4395,,180202_WIGTC-HISEQ2A_CC25CANXX,equil_sc_nb,"mir1_libconstruct1,mir1_libconstruct2",TGT,6,miR-155,NA,9,0.4,0.4,mix2_3_3,
,108,GCCAAT,18,L1_4396,,180202_WIGTC-HISEQ2A_CC25CANXX,equil_sc_nb,"mir1_libconstruct1,mir1_libconstruct2",TGT,6,miR-155,NA,9,0,0,mix2_3_3,
,109,CAGATC,10,L1_4397,,180202_WIGTC-HISEQ2A_CC25CANXX,equil_sc_nb,"mir1_libconstruct1,mir1_libconstruct2",TGT,6,miR-155,NA,9,I,I,mix2_3_3,
18.06.05,110,ATCACG,10,L1_4561,7.99,180615_WIGTC-HISEQ2A_CCLD6ANXX,equilibrium3_nb,"mir1_libconstruct1,mir1_libconstruct2",TGT,5,miR-7-24nt,NA,12,I,I,random,
,111,CGATGT,16,L1_4562,7.14,180615_WIGTC-HISEQ2A_CCLD6ANXX,equilibrium3_nb,"mir1_libconstruct1,mir1_libconstruct2",TGT,5,miR-7-24nt,NA,12,40,40,random,
,112,TTAGGC,18,L1_4563,7.69,180615_WIGTC-HISEQ2A_CCLD6ANXX,equilibrium3_nb,"mir1_libconstruct1,mir1_libconstruct2",TGT,5,miR-7-24nt,NA,12,12.6,12.6,random,
,113,TGACCA,18,L1_4564,6.48,180615_WIGTC-HISEQ2A_CCLD6ANXX,equilibrium3_nb,"mir1_libconstruct1,mir1_libconstruct2",TGT,5,miR-7-24nt,NA,12,4,4,random,
,114,ACAGTG,18,L1_4565,7.87,180615_WIGTC-HISEQ2A_CCLD6ANXX,equilibrium3_nb,"mir1_libconstruct1,mir1_libconstruct2",TGT,5,miR-7-24nt,NA,12,1.26,1.26,random,
,115,GCCAAT,18,L1_4566,8.83,180615_WIGTC-HISEQ2A_CCLD6ANXX,equilibrium3_nb,"mir1_libconstruct1,mir1_libconstruct2",TGT,5,miR-7-24nt,NA,12,0.4,0.4,random,
,116,CAGATC,18,L1_4567,4.84,180615_WIGTC-HISEQ2A_CCLD6ANXX,equilibrium3_nb,"mir1_libconstruct1,mir1_libconstruct2",TGT,5,miR-7-24nt,NA,12,0,0,random,
,117,ATCACG,8,L1_4568,7.93,180615_WIGTC-HISEQ2A_CCLD6ANXX,equil_c_nb,"mir1_libconstruct1,mir1_libconstruct2",TG,6,let-7a_miR-155,NA,12,I,I,mix2,
,118,CGATGT,16,L1_4569,4.27,180615_WIGTC-HISEQ2A_CCLD6ANXX,equil_c_nb,"mir1_libconstruct1,mir1_libconstruct2",TG,6,let-7a_miR-155,NA,12,40,40,mix2,
,119,TTAGGC,18,L1_4570,8.41,180615_WIGTC-HISEQ2A_CCLD6ANXX,equil_c_nb,"mir1_libconstruct1,mir1_libconstruct2",TG,6,let-7a_miR-155,NA,12,12.6,12.6,mix2,
,120,TGACCA,18,L1_4571,8.5,180615_WIGTC-HISEQ2A_CCLD6ANXX,equil_c_nb,"mir1_libconstruct1,mir1_libconstruct2",TG,6,let-7a_miR-155,NA,12,4,4,mix2,
,121,ACAGTG,18,L1_4572,7.79,180615_WIGTC-HISEQ2A_CCLD6ANXX,equil_c_nb,"mir1_libconstruct1,mir1_libconstruct2",TG,6,let-7a_miR-155,NA,12,1.26,1.26,mix2,
,122,GCCAAT,18,L1_4573,8.12,180615_WIGTC-HISEQ2A_CCLD6ANXX,equil_c_nb,"mir1_libconstruct1,mir1_libconstruct2",TG,6,let-7a_miR-155,NA,12,0.4,0.4,mix2,
,123,CAGATC,18,L1_4574,8.92,180615_WIGTC-HISEQ2A_CCLD6ANXX,equil_c_nb,"mir1_libconstruct1,mir1_libconstruct2",TG,6,let-7a_miR-155,NA,12,0,0,mix2,
,124,ATCACG,8,L1_4575,7.98,180615_WIGTC-HISEQ2A_CCLD6ANXX,equil_c_nb,"mir1_libconstruct1,mir1_libconstruct2",TGT,7,miR-155_let-7a,NA,12,I,I,mix2,
,125,CGATGT,16,L1_4576,7.67,180615_WIGTC-HISEQ2A_CCLD6ANXX,equil_c_nb,"mir1_libconstruct1,mir1_libconstruct2",TGT,7,miR-155_let-7a,NA,12,40,40,mix2,
,126,TTAGGC,18,L1_4577,9.22,180615_WIGTC-HISEQ2A_CCLD6ANXX,equil_c_nb,"mir1_libconstruct1,mir1_libconstruct2",TGT,7,miR-155_let-7a,NA,12,12.6,12.6,mix2,
,127,TGACCA,18,L1_4578,6.37,180615_WIGTC-HISEQ2A_CCLD6ANXX,equil_c_nb,"mir1_libconstruct1,mir1_libconstruct2",TGT,7,miR-155_let-7a,NA,12,4,4,mix2,
,128,ACAGTG,18,L1_4579,6.04,180615_WIGTC-HISEQ2A_CCLD6ANXX,equil_c_nb,"mir1_libconstruct1,mir1_libconstruct2",TGT,7,miR-155_let-7a,NA,12,1.26,1.26,mix2,
,129,GCCAAT,20,L1_4580,6.78,180615_WIGTC-HISEQ2A_CCLD6ANXX,equil_c_nb,"mir1_libconstruct1,mir1_libconstruct2",TGT,7,miR-155_let-7a,NA,12,0.4,0.4,mix2,
,130,CAGATC,18,L1_4581,8.33,180615_WIGTC-HISEQ2A_CCLD6ANXX,equil_c_nb,"mir1_libconstruct1,mir1_libconstruct2",TGT,7,miR-155_let-7a,NA,12,0,0,mix2,