Date,SL,Barcode,PCR cycles,GTC ID,BioA (nM),Exp,Exp_type,Spike,3prime,Lane,miRNA,S100,Pool,Sample type,Rep
18.11.30,1,TAGCTT,,,,181130_WIGTC-HISEQ2A_CCT7PANXX,equilibrium_tp,NA,TGT,3,miR-1,1,7,40,
,2,GGCTAC,,,,181130_WIGTC-HISEQ2A_CCT7PANXX,equilibrium_tp,NA,TGT,3,miR-1,1,7,12.6,
,3,CTTGTA,,,,181130_WIGTC-HISEQ2A_CCT7PANXX,equilibrium_tp,NA,TGT,3,miR-1,1,7,4,
,4,AGTCAA,,,,181130_WIGTC-HISEQ2A_CCT7PANXX,equilibrium_tp,NA,TGT,3,miR-1,1,7,1.26,
,5,AGCGCT,,,,181130_WIGTC-HISEQ2A_CCT7PANXX,equilibrium_tp,NA,TGT,3,miR-1,1,7,0.4,
,6,GCGTCA,,,,181130_WIGTC-HISEQ2A_CCT7PANXX,equilibrium_tp,NA,TGT,3,miR-1,1,7,0.126,
,7,CACGGT,,,,181130_WIGTC-HISEQ2A_CCT7PANXX,equilibrium_tp,NA,TGT,3,miR-1,1,7,0,
,8,ATTAGC,,,,181130_WIGTC-HISEQ2A_CCT7PANXX,equilibrium_tp,NA,TGT,3,miR-1,1,7,I,
,9,TAGCTT,,,,181130_WIGTC-HISEQ2A_CCT7PANXX,equilibrium_tp,NA,TGT,4,miR-122,1,7,40,
,10,GGCTAC,,,,181130_WIGTC-HISEQ2A_CCT7PANXX,equilibrium_tp,NA,TGT,4,miR-122,1,7,12.6,
,11,CTTGTA,,,,181130_WIGTC-HISEQ2A_CCT7PANXX,equilibrium_tp,NA,TGT,4,miR-122,1,7,4,
,12,AGTCAA,,,,181130_WIGTC-HISEQ2A_CCT7PANXX,equilibrium_tp,NA,TGT,4,miR-122,1,7,1.26,
,13,AGCGCT,,,,181130_WIGTC-HISEQ2A_CCT7PANXX,equilibrium_tp,NA,TGT,4,miR-122,1,7,0.4,
,14,GCGTCA,,,,181130_WIGTC-HISEQ2A_CCT7PANXX,equilibrium_tp,NA,TGT,4,miR-122,1,7,0.126,
,15,CACGGT,,,,181130_WIGTC-HISEQ2A_CCT7PANXX,equilibrium_tp,NA,TGT,4,miR-122,1,7,0,
,16,ATTAGC,,,,181130_WIGTC-HISEQ2A_CCT7PANXX,equilibrium_tp,NA,TGT,4,miR-122,1,7,I,
18.11.20,17,TAGCTT,,,,181120_WIGTC-HISEQ3B_CCT82ANXX,equilibrium_met_tp,NA,TGT,2,miR-1,1,7,40,
,18,GGCTAC,,,,181120_WIGTC-HISEQ3B_CCT82ANXX,equilibrium_met_tp,NA,TGT,2,miR-1,1,7,12.6,
,19,CTTGTA,,,,181120_WIGTC-HISEQ3B_CCT82ANXX,equilibrium_met_tp,NA,TGT,2,miR-1,1,7,4,
,20,AGTCAA,,,,181120_WIGTC-HISEQ3B_CCT82ANXX,equilibrium_met_tp,NA,TGT,2,miR-1,1,7,1.26,
,21,AGCGCT,,,,181120_WIGTC-HISEQ3B_CCT82ANXX,equilibrium_met_tp,NA,TGT,2,miR-1,1,7,0.4,
,22,GCGTCA,,,,181120_WIGTC-HISEQ3B_CCT82ANXX,equilibrium_met_tp,NA,TGT,2,miR-1,1,7,0.126,
,23,CACGGT,,,,181120_WIGTC-HISEQ3B_CCT82ANXX,equilibrium_met_tp,NA,TGT,2,miR-1,1,7,0,
,24,ATTAGC,,,,181120_WIGTC-HISEQ3B_CCT82ANXX,equilibrium_met_tp,NA,TGT,2,miR-1,1,7,I,
19.05.10,25,TAGCTT,12,L1_4990,7.36,190510_WIGTC-HISEQ2B_CCGLPANXX,equilibrium_tp,NA,TGT,1,miR-124,1,7,40,
,26,GGCTAC,12,L1_4991,2.23,190510_WIGTC-HISEQ2B_CCGLPANXX,equilibrium_tp,NA,TGT,1,miR-124,1,7,12.6,
,27,CTTGTA,14,L1_4992,1.86,190510_WIGTC-HISEQ2B_CCGLPANXX,equilibrium_tp,NA,TGT,1,miR-124,1,7,4,1
,28,AGTCAA,14,L1_4993,4.26,190510_WIGTC-HISEQ2B_CCGLPANXX,equilibrium_tp,NA,TGT,1,miR-124,1,7,1.26,1
,29,AGCGCT,14,L1_4994,7.38,190510_WIGTC-HISEQ2B_CCGLPANXX,equilibrium_tp,NA,TGT,1,miR-124,1,7,0.4,
,30,GCGTCA,14,L1_4995,6.31,190510_WIGTC-HISEQ2B_CCGLPANXX,equilibrium_tp,NA,TGT,1,miR-124,1,7,0.126,
,31,CACGGT,14,L1_4996,1.99,190510_WIGTC-HISEQ2B_CCGLPANXX,equilibrium_tp,NA,TGT,1,miR-124,1,7,0.04,
,32,ATTAGC,14,L1_4997,6.93,190510_WIGTC-HISEQ2B_CCGLPANXX,equilibrium_tp,NA,TGT,1,miR-124,1,7,0,
,33,TCATAG,6,L1_4998,10.14,190510_WIGTC-HISEQ2B_CCGLPANXX,equilibrium_tp,NA,TGT,1,miR-124,1,7,I,
19.06.14,34,ATCACG,12,L1_5029,6.98,190614_WIGTC-HISEQ3A_CDPY1ANXX,equilibrium_2_tp,NA,TGT,8,miR-124,1,7,40,1
,35,CGATGT,12,L1_5030,2.54,190614_WIGTC-HISEQ3A_CDPY1ANXX,equilibrium_2_tp,NA,TGT,8,miR-124,1,7,40,2
,36,TTAGGC,14,L1_5031,2.65,190614_WIGTC-HISEQ3A_CDPY1ANXX,equilibrium_2_tp,NA,TGT,8,miR-124,1,7,12.6,1
,37,TGACCA,14,L1_5032,6.72,190614_WIGTC-HISEQ3A_CDPY1ANXX,equilibrium_2_tp,NA,TGT,8,miR-124,1,7,12.6,2
,38,ACAGTG,14,L1_5033,6.68,190614_WIGTC-HISEQ3A_CDPY1ANXX,equilibrium_2_tp,NA,TGT,8,miR-124,1,7,4,1
,39,GCCAAT,14,L1_5034,6.18,190614_WIGTC-HISEQ3A_CDPY1ANXX,equilibrium_2_tp,NA,TGT,8,miR-124,1,7,4,2
,40,CAGATC,14,L1_5035,6.45,190614_WIGTC-HISEQ3A_CDPY1ANXX,equilibrium_2_tp,NA,TGT,8,miR-124,1,7,1.26,1
,41,ACTTGA,14,L1_5036,5.29,190614_WIGTC-HISEQ3A_CDPY1ANXX,equilibrium_2_tp,NA,TGT,8,miR-124,1,7,1.26,2
,42,GATCAG,14,L1_5037,4.37,190614_WIGTC-HISEQ3A_CDPY1ANXX,equilibrium_2_tp,NA,TGT,8,miR-124,1,7,0.4,1
,43,TAGCTT,14,L1_5038,6.12,190614_WIGTC-HISEQ3A_CDPY1ANXX,equilibrium_2_tp,NA,TGT,8,miR-124,1,7,0.4,2
,44,GGCTAC,16,L1_5039,8.4,190614_WIGTC-HISEQ3A_CDPY1ANXX,equilibrium_2_tp,NA,TGT,8,miR-124,1,7,0.126,1
,45,CTTGTA,16,L1_5040,7.89,190614_WIGTC-HISEQ3A_CDPY1ANXX,equilibrium_2_tp,NA,TGT,8,miR-124,1,7,0.126,2
,46,AGTCAA,16,L1_5041,7.74,190614_WIGTC-HISEQ3A_CDPY1ANXX,equilibrium_2_tp,NA,TGT,8,miR-124,1,7,0,1
,47,AGCGCT,16,L1_5042,3.93,190614_WIGTC-HISEQ3A_CDPY1ANXX,equilibrium_2_tp,NA,TGT,8,miR-124,1,7,0,2
,48,GCGTCA,6,L1_5043,7.65,190614_WIGTC-HISEQ3A_CDPY1ANXX,equilibrium_2_tp,NA,TGT,8,miR-124,1,7,I,1
,49,CACGGT,6,L1_5044,9.43,190614_WIGTC-HISEQ3A_CDPY1ANXX,equilibrium_2_tp,NA,TGT,8,miR-124,1,7,I,2
,50,ATTAGC,14,L1_5045,6.77,190614_WIGTC-HISEQ3A_CDPY1ANXX,equilibrium_tp,NA,TGT,8,miR-124,1,7,4,2
,51,TCATAG,14,L1_5046,2.77,190614_WIGTC-HISEQ3A_CDPY1ANXX,equilibrium_tp,NA,TGT,8,miR-124,1,7,1.26,2
19.07.03,52,ATCACG,12,L1_5085,1.02,190703_WIGTC-HISEQA_H2LKKBCX3,equilibrium_tp,NA,TGT,1,miR-7-24nt,1,9,40,1
,53,CGATGT,14,L1_5086,3.97,190703_WIGTC-HISEQA_H2LKKBCX3,equilibrium_tp,NA,TGT,1,miR-7-24nt,1,9,12.6,1
,54,TTAGGC,16,L1_5087,7.22,190703_WIGTC-HISEQA_H2LKKBCX3,equilibrium_tp,NA,TGT,1,miR-7-24nt,1,9,4,1
,55,TGACCA,16,L1_5088,6.91,190703_WIGTC-HISEQA_H2LKKBCX3,equilibrium_tp,NA,TGT,1,miR-7-24nt,1,9,0.4,1
,56,ACAGTG,12,L1_5089,1.37,190703_WIGTC-HISEQA_H2LKKBCX3,equilibrium_tp,NA,TGT,1,miR-7-24nt,1,9,40,3
,57,GCCAAT,16,L1_5090,6.59,190703_WIGTC-HISEQA_H2LKKBCX3,equilibrium_tp,NA,TGT,1,miR-7-24nt,1,9,4,3
,58,CAGATC,16,L1_5091,7.61,190703_WIGTC-HISEQA_H2LKKBCX3,equilibrium_tp,NA,TGT,1,miR-7-24nt,1,9,1.26,1
,59,ACTTGA,16,L1_5092,8.34,190703_WIGTC-HISEQA_H2LKKBCX3,equilibrium_tp,NA,TGT,1,miR-7-24nt,1,9,0,1
,60,GATCAG,6,L1_5093,7.47,190703_WIGTC-HISEQA_H2LKKBCX3,equilibrium_tp,NA,TGT,1,miR-7-24nt,1,9,I,1
,61,ATCACG,12,L1_5085,1.02,190703_WIGTC-HISEQA_H2LKKBCX3,equilibrium_tp,NA,TGT,2,miR-7-24nt,2,9,40,2
,62,CGATGT,14,L1_5086,3.97,190703_WIGTC-HISEQA_H2LKKBCX3,equilibrium_tp,NA,TGT,2,miR-7-24nt,2,9,12.6,2
,63,TTAGGC,16,L1_5087,7.22,190703_WIGTC-HISEQA_H2LKKBCX3,equilibrium_tp,NA,TGT,2,miR-7-24nt,2,9,4,2
,64,TGACCA,16,L1_5088,6.91,190703_WIGTC-HISEQA_H2LKKBCX3,equilibrium_tp,NA,TGT,2,miR-7-24nt,2,9,0.4,2
,65,ACAGTG,12,L1_5089,1.37,190703_WIGTC-HISEQA_H2LKKBCX3,equilibrium_tp,NA,TGT,2,miR-7-24nt,2,9,40,4
,66,GCCAAT,16,L1_5090,6.59,190703_WIGTC-HISEQA_H2LKKBCX3,equilibrium_tp,NA,TGT,2,miR-7-24nt,2,9,4,4
,67,CAGATC,16,L1_5091,7.61,190703_WIGTC-HISEQA_H2LKKBCX3,equilibrium_tp,NA,TGT,2,miR-7-24nt,2,9,1.26,2
,68,ACTTGA,16,L1_5092,8.34,190703_WIGTC-HISEQA_H2LKKBCX3,equilibrium_tp,NA,TGT,2,miR-7-24nt,2,9,0,2
,69,GATCAG,6,L1_5093,7.47,190703_WIGTC-HISEQA_H2LKKBCX3,equilibrium_tp,NA,TGT,2,miR-7-24nt,2,9,I,2
21.11.18,70,ACAGTG,,L1_7668,,211117_WIGTC-HISEQ3A_HNFVKBCX3,twist_reporter_assay_3p_tp,NA,NA,1,"miR-1,let-7a,let-7a-21nt",NA,T3PRL,no_duplex_series,1
,71,GCCAAT,,L1_7669,,211117_WIGTC-HISEQ3A_HNFVKBCX3,twist_reporter_assay_3p_tp,NA,NA,1,miR-1,NA,T3PRL,duplex_series,1
,72,CAGATC,,L1_7670,,211117_WIGTC-HISEQ3A_HNFVKBCX3,twist_reporter_assay_3p_tp,NA,NA,1,let-7a,NA,T3PRL,duplex_series,1
,73,ACTTGA,,L1_7671,,211117_WIGTC-HISEQ3A_HNFVKBCX3,twist_reporter_assay_3p_tp,NA,NA,1,let-7a-21nt,NA,T3PRL,duplex_series,1
,74,GATCAG,,L1_7672,,211117_WIGTC-HISEQ3A_HNFVKBCX3,twist_reporter_assay_3p_tp,NA,NA,1,"miR-1,let-7a,let-7a-21nt",NA,T3PRL,no_duplex_parallel,1
,75,TAGCTT,,L1_7673,,211117_WIGTC-HISEQ3A_HNFVKBCX3,twist_reporter_assay_3p_tp,NA,NA,1,miR-1,NA,T3PRL,duplex_parallel,1
,76,GGCTAC,,L1_7674,,211117_WIGTC-HISEQ3A_HNFVKBCX3,twist_reporter_assay_3p_tp,NA,NA,1,let-7a,NA,T3PRL,duplex_parallel,1
,77,CTTGTA,,L1_7675,,211117_WIGTC-HISEQ3A_HNFVKBCX3,twist_reporter_assay_3p_tp,NA,NA,1,let-7a-21nt,NA,T3PRL,duplex_parallel,1
,78,ACAGTG,,L1_7676,,211117_WIGTC-HISEQ3A_HNFVKBCX3,twist_reporter_assay_3p_tp,NA,NA,2,"miR-1,let-7a,let-7a-21nt",NA,T3PRL,no_duplex_series,2
,79,GCCAAT,,L1_7677,,211117_WIGTC-HISEQ3A_HNFVKBCX3,twist_reporter_assay_3p_tp,NA,NA,2,miR-1,NA,T3PRL,duplex_series,2
,80,CAGATC,,L1_7678,,211117_WIGTC-HISEQ3A_HNFVKBCX3,twist_reporter_assay_3p_tp,NA,NA,2,let-7a,NA,T3PRL,duplex_series,2
,81,ACTTGA,,L1_7679,,211117_WIGTC-HISEQ3A_HNFVKBCX3,twist_reporter_assay_3p_tp,NA,NA,2,let-7a-21nt,NA,T3PRL,duplex_series,2
,82,GATCAG,,L1_7680,,211117_WIGTC-HISEQ3A_HNFVKBCX3,twist_reporter_assay_3p_tp,NA,NA,2,"miR-1,let-7a,let-7a-21nt",NA,T3PRL,no_duplex_parallel,2
,83,TAGCTT,,L1_7681,,211117_WIGTC-HISEQ3A_HNFVKBCX3,twist_reporter_assay_3p_tp,NA,NA,2,miR-1,NA,T3PRL,duplex_parallel,2
,84,GGCTAC,,L1_7682,,211117_WIGTC-HISEQ3A_HNFVKBCX3,twist_reporter_assay_3p_tp,NA,NA,2,let-7a,NA,T3PRL,duplex_parallel,2
,85,CTTGTA,,L1_7683,,211117_WIGTC-HISEQ3A_HNFVKBCX3,twist_reporter_assay_3p_tp,NA,NA,2,let-7a-21nt,NA,T3PRL,duplex_parallel,2
21.11.18,70,ACAGTG,,L1_7668,,211217_WIGTC-HISEQ3A_HNKCJBCX3,twist_reporter_assay_3p_2_tp,NA,NA,1,"miR-1,let-7a,let-7a-21nt",NA,T3PRL,no_duplex_series,1
,71,GCCAAT,,L1_7669,,211217_WIGTC-HISEQ3A_HNKCJBCX3,twist_reporter_assay_3p_2_tp,NA,NA,1,miR-1,NA,T3PRL,duplex_series,1
,72,CAGATC,,L1_7670,,211217_WIGTC-HISEQ3A_HNKCJBCX3,twist_reporter_assay_3p_2_tp,NA,NA,1,let-7a,NA,T3PRL,duplex_series,1
,73,ACTTGA,,L1_7671,,211217_WIGTC-HISEQ3A_HNKCJBCX3,twist_reporter_assay_3p_2_tp,NA,NA,1,let-7a-21nt,NA,T3PRL,duplex_series,1
,74,GATCAG,,L1_7672,,211217_WIGTC-HISEQ3A_HNKCJBCX3,twist_reporter_assay_3p_2_tp,NA,NA,1,"miR-1,let-7a,let-7a-21nt",NA,T3PRL,no_duplex_parallel,1
,75,TAGCTT,,L1_7673,,211217_WIGTC-HISEQ3A_HNKCJBCX3,twist_reporter_assay_3p_2_tp,NA,NA,1,miR-1,NA,T3PRL,duplex_parallel,1
,76,GGCTAC,,L1_7674,,211217_WIGTC-HISEQ3A_HNKCJBCX3,twist_reporter_assay_3p_2_tp,NA,NA,1,let-7a,NA,T3PRL,duplex_parallel,1
,77,CTTGTA,,L1_7675,,211217_WIGTC-HISEQ3A_HNKCJBCX3,twist_reporter_assay_3p_2_tp,NA,NA,1,let-7a-21nt,NA,T3PRL,duplex_parallel,1
,78,ACAGTG,,L1_7676,,211217_WIGTC-HISEQ3A_HNKCJBCX3,twist_reporter_assay_3p_2_tp,NA,NA,2,"miR-1,let-7a,let-7a-21nt",NA,T3PRL,no_duplex_series,2
,79,GCCAAT,,L1_7677,,211217_WIGTC-HISEQ3A_HNKCJBCX3,twist_reporter_assay_3p_2_tp,NA,NA,2,miR-1,NA,T3PRL,duplex_series,2
,80,CAGATC,,L1_7678,,211217_WIGTC-HISEQ3A_HNKCJBCX3,twist_reporter_assay_3p_2_tp,NA,NA,2,let-7a,NA,T3PRL,duplex_series,2
,81,ACTTGA,,L1_7679,,211217_WIGTC-HISEQ3A_HNKCJBCX3,twist_reporter_assay_3p_2_tp,NA,NA,2,let-7a-21nt,NA,T3PRL,duplex_series,2
,82,GATCAG,,L1_7680,,211217_WIGTC-HISEQ3A_HNKCJBCX3,twist_reporter_assay_3p_2_tp,NA,NA,2,"miR-1,let-7a,let-7a-21nt",NA,T3PRL,no_duplex_parallel,2
,83,TAGCTT,,L1_7681,,211217_WIGTC-HISEQ3A_HNKCJBCX3,twist_reporter_assay_3p_2_tp,NA,NA,2,miR-1,NA,T3PRL,duplex_parallel,2
,84,GGCTAC,,L1_7682,,211217_WIGTC-HISEQ3A_HNKCJBCX3,twist_reporter_assay_3p_2_tp,NA,NA,2,let-7a,NA,T3PRL,duplex_parallel,2
,85,CTTGTA,,L1_7683,,211217_WIGTC-HISEQ3A_HNKCJBCX3,twist_reporter_assay_3p_2_tp,NA,NA,2,let-7a-21nt,NA,T3PRL,duplex_parallel,2